ma_genba,ten_hop_dong,so_lan,thoi_gian,thu_lam,gio_bat_dau,gio_ket_thuc,tien
014f4f32-8c47-415c-abcc-f779e2ccec9c,日常清掃,6,6.5,月火水木金土,07:00,14:00,272000
4f09c9fe-2553-4e99-b793-809cc9893c3f,日常清掃,3,3,月水金,10:00,13:00,62000
8a20b4dc-9a07-4dd8-a006-ac47b196ff85,日常清掃,3,1.75,月水金,10:00,12:00,42500
746bfa29-7147-424d-8bc5-a15023c6c6eb,日常清掃,3,2.5,月木土,午前,午前,50000
6f2ed286-94b3-4bb4-b21d-149a0b4369b6,共用部日常清掃,6,7.75,月火水木金土,06:00,15:00,460000
6f2ed286-94b3-4bb4-b21d-149a0b4369b6,２０３号室松下不動産株式会社　専用部,6,6.375,月火水木金土,06:00,14:00,21834
6f2ed286-94b3-4bb4-b21d-149a0b4369b6,「大和食品㈱」　専用部,6,4.5,月火水木金土,06:00,11:00,40376
6f2ed286-94b3-4bb4-b21d-149a0b4369b6,１３０２号室株式会社オリナス　専用部,5,9,月火水木金,06:00,16:00,12295
6f2ed286-94b3-4bb4-b21d-149a0b4369b6,１４０２号室株式会社ヘッドジャパン　専有部　専用部,5,4.75,月火水木金,06:00,11:00,25521
6f2ed286-94b3-4bb4-b21d-149a0b4369b6,１５階・１７階　西菱電機株式会社　専用部,5,6,月火水木金,06:00,13:00,101455
6f2ed286-94b3-4bb4-b21d-149a0b4369b6,２階「ＥＮＥＯＳ㈱」　バキューム清掃,,,,,,3946
6f2ed286-94b3-4bb4-b21d-149a0b4369b6,２階「ＥＮＥＯＳ㈱」　ゴミ回収,,,,,,9396
6f2ed286-94b3-4bb4-b21d-149a0b4369b6,株式会社電算システム　専用部（１１階１１０１室）　専用部,,,,,,6913
6f2ed286-94b3-4bb4-b21d-149a0b4369b6,（サカイオーベックス株式会社）　専用部,,,,,,68000
6f2ed286-94b3-4bb4-b21d-149a0b4369b6,（株式会社オリナス　Ｂ１）　専用部,,,,,,21327
6f2ed286-94b3-4bb4-b21d-149a0b4369b6,１０階株式会社ロキグループ　バキューム清掃,,,,,,1900
6f2ed286-94b3-4bb4-b21d-149a0b4369b6,１０階株式会社ロキグループ　ゴミ回収,,,,,,3800
6f2ed286-94b3-4bb4-b21d-149a0b4369b6,１２Ｆ　油化産業　専用部,,,,,,31920
6f2ed286-94b3-4bb4-b21d-149a0b4369b6,１２階専有部　日油商事（株）　専用部,,,,,,13232
6f2ed286-94b3-4bb4-b21d-149a0b4369b6,１２階専有部日本油脂（株）　専用部,,,,,,51310
6f2ed286-94b3-4bb4-b21d-149a0b4369b6,１２階専有部日油技研工業株式会社　専用部,,,,,,17848
6f2ed286-94b3-4bb4-b21d-149a0b4369b6,１３階「㈱ブレーンナレッジシステムズ」　専用部,,,,,,12369
6f2ed286-94b3-4bb4-b21d-149a0b4369b6,１４階専有部ＤＯＷＡ　専用部,,,,,,27655
6f2ed286-94b3-4bb4-b21d-149a0b4369b6,４階ケイアイスター不動産㈱　専用部,,,,,,23000
6f2ed286-94b3-4bb4-b21d-149a0b4369b6,２０６・２０７・２０８号しんきん大阪システムサービス株式会社　専用部,,,,,,51429
6f2ed286-94b3-4bb4-b21d-149a0b4369b6,３階専有部　ニチロ　専用部,,,,,,31179
6f2ed286-94b3-4bb4-b21d-149a0b4369b6,ニチロＢ１Ｆ専有部　専用部,,,,,,5925
6f2ed286-94b3-4bb4-b21d-149a0b4369b6,株式会社セプテムプロダクツ　専用部,,,,,,16161
6f2ed286-94b3-4bb4-b21d-149a0b4369b6,株式会社ビー・トライブ専用部（１１０３．１１０４号室）　専用部,,,,,,45617
6f2ed286-94b3-4bb4-b21d-149a0b4369b6,株式会社マルハニチロ食品Ｂ１ＦＣ　専用部,,,,,,1203
6f2ed286-94b3-4bb4-b21d-149a0b4369b6,日本事務器械専用部　専用部,,,,,,36387
339f0eb7-e1f7-4c2b-81d6-662b26b432c9,日常清掃,3,2,火木土,14:30,16:30,44000
93104aa9-ae31-4579-b42f-897614ca1a37,日常清掃,3,1.75,月水金,08:00,10:00,26000
f3eef165-2696-45c2-b773-f796f51ebd4a,日常清掃,3,2,月火木,06:30,08:30,54000
514444e1-4064-400d-a223-781c412f0c9c,日常清掃,1,1,金,13:00,14:00,9000
fe64bc34-1993-4f4d-82a2-a1f325753b9a,日常清掃,5,2.75,月火水木金,11:00,14:00,70000
1b7f2251-9ecc-4048-8605-554db9d793f7,日常清掃,5,3,月火水木金,14:00,17:00,92000
f08293fe-53da-42f7-b4e0-83a36f30cee8,日常清掃　１,5,4,月火水木金,09:00,13:00,147000
f08293fe-53da-42f7-b4e0-83a36f30cee8,日常清掃　２,1,3,土,09:00,12:00,
f08293fe-53da-42f7-b4e0-83a36f30cee8,追加（コインランドリー）,1,0.5,,,,8100
773b2110-840d-4878-bf7d-5957d05f8b19,管理員,5,7.5,月火水木金,09:00,17:00,271000
773b2110-840d-4878-bf7d-5957d05f8b19,残留塩素測定,,,,,,3500
773b2110-840d-4878-bf7d-5957d05f8b19,日常清掃,5,5.75,月火水木金,11:00,17:00,199000
959b8bc7-d4bf-4d25-8595-434a448a5d03,共用部日常清掃,6,5.5,月火水木金土,07:00,14:00,240000
84306114-cbf6-4ff6-960d-1ebabe429224,日常清掃,3,2.75,月火金,08:00,11:00,50000
85451247-6181-42e3-a627-95f3a1c8858d,管理員,5,7,月火水木金,09:00,17:00,189000
e26a5644-d795-4242-b74a-5ffe451cffd6,日常清掃,3,3,,09:00,12:00,73000
d49bde74-559e-49f6-8940-8cc5d6d1dc8c,日常清掃,3,1.75,火水金,08:30,10:30,30000
7171acba-041f-4575-b23e-d321d044f84c,日常清掃,2,1.75,月木,08:00,10:00,28000
cfce802b-2849-4bfd-ab92-0d47c3996fbd,日常清掃,6,2.5,月火水木金土,07:00,09:30,100000
32e54b16-92c3-4c6d-80b9-e687361f409a,日常清掃,2,5,月木,09:30,15:30,100000
25365fd7-cc41-46e1-892d-d75f2a45e59d,日常清掃,2,1.75,月木,08:30,10:30,22000
08dc09ab-0843-4519-b0a7-b45ada2abe88,管理清掃員,3,3,月水金,13:00,16:00,63000
21bbc13e-04a9-4ba6-ac81-39aa55421e65,日常清掃,2,2,火金,15:00,17:00,32000
5fc79919-cf08-466c-a847-98a928e1eaec,日常清掃,3,2.5,水木土,14:30,17:00,56000
1f624cdf-4abf-4906-ae9b-d07485547132,日常清掃,3,3,水木土,14:00,17:00,70000
84212e2c-b031-4989-ab4e-18f24d4e8ede,日常清掃,2,2.5,月木,午後,,37000
f09fc9ce-fe93-44da-912c-2e577946c43f,１Ｆ日新信用金庫,5,1,月火水木金,08:15,09:15,40500
b122e333-b729-4809-a040-f3312a57caef,日常清掃,2,1,月木,12:30,14:00,14000
f999b92e-9b76-4318-b4b5-a066f0a73098,日常清掃,6,1.75,月火水木金土,14:00,16:00,103000
50264c37-bfab-49aa-9db2-af417ad3ba2b,日常清掃,1,1,金,09:00,10:00,10000
597853d8-67dd-40b9-b0de-227e657063c4,日常清掃,2,1.75,火金,15:00,17:00,26000
ff2ec3b7-eed8-4c3c-97f8-295cbe060684,日常清掃,2,2,水土,06:00,08:00,47000
b63fa7f9-7b34-4488-97bc-376a48c6a0a1,日常清掃　１,5,7.75,月火水木金,06:45,16:00,1257000
b63fa7f9-7b34-4488-97bc-376a48c6a0a1,日常清掃　２,5,6.75,月火水木金,07:00,15:00,31520
b63fa7f9-7b34-4488-97bc-376a48c6a0a1,日常清掃　３,6,5,月火水木金土,07:00,13:00,
b63fa7f9-7b34-4488-97bc-376a48c6a0a1,日常清掃　４,5,3.75,月火水木金,07:00,11:00,
b63fa7f9-7b34-4488-97bc-376a48c6a0a1,日常清掃　５,5,6.75,月火水木金,07:00,15:00,
b63fa7f9-7b34-4488-97bc-376a48c6a0a1,日常清掃　６,6,3.75,月火水木金土,06:45,10:30,
b63fa7f9-7b34-4488-97bc-376a48c6a0a1,日常清掃　７,5,6.75,月火水木金,07:00,15:00,
30cd0fb4-bf41-45ae-8ab6-3ca0d38411d0,清掃管理員,6,6.75,月火水木金土,09:00,17:00,312000
84d348e3-d857-4e08-bdd9-a4455c90eda5,管理員,6,4,月火水木金土,08:00,12:00,167000
e5934555-1cf8-4b6b-b65c-92a063a57342,日常清掃,2,2,月木,09:00,11:00,47000
38049937-d9ed-4048-b6ab-7ec91a5a7a48,管理員,6,6,月火水木金土,09:00,16:00,191000
92ac3a76-76f8-44fd-b89d-5258a5bfe045,管理員,7,7,月火水木金土日,09:00,17:00,328000
e9727135-3b66-44f4-962b-c008f8c3e33f,日常清掃,1,1,土,15:00,16:00,13000
4dbd7548-f683-4200-9637-86300bdad14f,日常清掃,2,2,火金,14:00,15:00,47000
aa508684-11d7-4ff4-bb4b-ddcd77222a90,日常清掃,2,1.5,火金,15:00,17:00,32000
eadc92b5-e8cc-4ab4-9157-57239c363f32,日常清掃,3,1.5,火木土,10:00,11:30,43000
81dc88ee-1372-4125-a686-cd57bf1b5364,日常清掃,3,1.5,月木土,午前,午前,41000
7751199b-44b3-49c6-a212-730678c4616a,管理員,6,5,月火水木金土,09:00,15:00,190000
54a6d44d-b149-402a-81c2-de7ec860e7fb,日常清掃,2,1.75,火金,09:00,11:00,26000
1ef0d4c8-19a9-43c8-8530-5477c3b4fc85,日常清掃,3,2,火金土,09:00,12:00,38370
d8667517-ae30-49de-b8e2-cf661238889b,日常清掃,2,2,水土,14:00,16:00,47000
dabd2580-bbba-4d94-a0cc-c29ca54f2203,日常清掃,3,2,月水金,06:00,08:00,44000
e2bda286-8aaa-4e1a-9e40-a52bd8253210,日常清掃,6,2.25,月火水木金土,07:00,10:30,78000
24dc54b6-1f07-4f9d-bac3-f51f23385b9e,管理員,7,12,月火水木金土日,09:00,21:00,545000
7f5d7b81-584b-42fd-ae54-ddc5c530d049,日常清掃,2,1.5,火金,06:30,08:00,28000
05094e17-b0e7-4aa0-8c44-bc032b02f053,管理員（清掃）,2,3,火金,09:00,12:00,45000
15fb1ff6-6d57-42d7-9493-ef6b3583892b,管理員,6,6.5,月火水木金土,09:00,17:00,177000
6ccde0e3-336b-4266-8af0-20138e06b55e,日常清掃,1,1,土,15:00,16:00,8500
9e5b71c9-02f0-4c53-a4fd-bf060def88f3,管理員（清掃）,3,3,月水金,10:00,13:00,45500
95ee8d8a-d7b6-4e44-9a93-3437305fa4b8,日常清掃,2,2,水金,午前,午後,26000
8803daea-273e-44e3-bfe4-6a5435d62764,日常清掃,3,2,月木金,13:00,15:00,35000
f9c97b21-a148-4aa4-86f6-f7e73a976b61,（道具屋筋横丁）,6,1,月火水木土日,16:00,17:00,52000
7eab7623-9533-4f46-99b5-9b21910009da,日常清掃,2,1,火木,13:00,14:00,25000
366e01fc-8aef-4d05-bc1d-284652c7d776,日常清掃,7,4.25,月火水木金土日,06:00,10:30,219000
366e01fc-8aef-4d05-bc1d-284652c7d776,（クアトロ）,1,4,,06:00,10:00,6300
27cfe0f8-c932-49e2-bacc-dfcfc693552e,日常清掃,2,2,月金,10:30,12:30,24000
414dfac1-26e5-40db-bd70-4567256b3e8f,日常清掃,3,2.5,月水金,10:00,12:30,44700
d57df21d-17c5-4bce-8f70-b4568e3aed70,日常清掃,2,2,火金,12:00,14:00,32000
8c62a642-a61c-420e-a5f2-14e3725c1c16,日常清掃,3,2.75,月水金,07:00,10:00,58000
0686d2a6-ab5b-4c74-8e5b-f81b227ade47,日常清掃,2,1.5,月木,午後,午後,19000
d050e079-801f-4d3d-9108-6722b9ff48c3,日常清掃,2,1,水土,午前,午前,22000
2c995781-3a60-444d-bb79-89e9d628d999,本館１０１号室,1,1,木,08:30,09:30,8000
75a5e946-5490-4b75-b34b-c846b51bd391,清掃管理員,5,3.75,月火木金土,08:00,12:00,142000
e4d7caa1-68c2-4256-89f8-916fcf7c0160,日常清掃,5,1.75,月火水木金,13:00,15:00,63000
2283a7d1-d945-4f3c-8597-b68498f7e238,日常清掃,1,0.5,木,14:00,14:30,8000
73583584-de60-4b66-883f-db9896aeaf2e,日常清掃　１,5,7.75,月火水木金,06:00,15:00,230000
73583584-de60-4b66-883f-db9896aeaf2e,日常清掃　２,5,6.75,月火水木金,06:00,14:00,100000
8e4b10ab-71f1-426a-81c5-50d2a066853f,管理員,5,10,月火水木金,08:00,19:00,335000
8e4b10ab-71f1-426a-81c5-50d2a066853f,（１０階吉川化工㈱）　専用部,5,1.75,月火水木金,17:00,19:00,8904
8e4b10ab-71f1-426a-81c5-50d2a066853f,（１１階吉川化工㈱）　専用部,,,,,,19356
8e4b10ab-71f1-426a-81c5-50d2a066853f,（１２０１号室）　専用部,,,,,,22260
8e4b10ab-71f1-426a-81c5-50d2a066853f,（９階吉川化工㈱）　専用部,,,,,,25260
8e4b10ab-71f1-426a-81c5-50d2a066853f,日常清掃,5,4.75,月火水木金,08:30,14:30,205000
36f79f41-a20f-4de5-af48-4d35a44cc086,日常清掃,2,1.75,火木,09:00,11:00,25000
37c32160-2a92-4093-9aec-9f565fa1bdcf,管理員,5,7,月火水木金,09:00,17:00,185000
37c32160-2a92-4093-9aec-9f565fa1bdcf,日常清掃,5,2,月火水木金,11:00,13:00,76000
2eb2a4ae-52d3-4d3d-a4c5-f4b957b7a63e,管理員（清掃）,2,1.5,月木,09:00,10:30,24000
87b960f0-404c-439c-9d3c-0937592f5cbe,日常清掃,3,2.75,月火金,11:00,14:00,63000
931e1411-def0-43aa-8996-56e4670eb8ae,清掃管理員,6,6.75,月火水木金土,08:30,16:30,240000
1931e56d-3d9d-4da5-9993-cd6a49958857,清掃管理員,5,7,月火水木金,09:00,17:00,250000
3676b1e9-dc21-4a50-8dad-9a941d3075c2,管理員,5.5,7,月火水木金土,09:00,17:00,196000
c572f1cc-5bbc-4b89-b332-2ffc2c3cb700,管理員,5.5,7,月火水木金土,09:00,17:00,181000
d56674a9-7297-4c07-bd29-fc3238cdd0c2,管理員,5.5,7,月火水木金土,09:00,17:00,201000
b0774035-47ef-4392-bc3a-cfa8b6696b17,管理員,5.5,7,月火水木金土,09:00,17:00,216000
d05bf530-ee69-44e4-a43f-c871ce8ca76a,管理員,5.5,7,月火水木金土,09:00,17:00,212000
a868cf1d-b226-44f6-b6d4-50799cb345ac,管理員,5.5,7,月火水木金土,09:00,17:00,230000
288040ce-a351-49c7-92cc-1748630558f8,日常清掃,3,1,月水金,,,67000
959b8bc7-d4bf-4d25-8595-434a448a5d03,（１０Ｆ）　専用部,5,0.5,月火水木金,06:30,07:00,18500
8338d6ab-0345-465d-abd8-f0d28213e1e9,清掃管理員,6,6.5,月火木金土日,09:00,16:30,337000
cc2466c1-fbd8-404d-af1a-88d3fc5dfcf8,清掃管理員,6,6.5,月火木金土日,09:00,16:30,337000
df2a898d-6c1b-4755-91da-ebcfac0ce9c0,日常清掃,1,1,水,09:00,10:00,8000
d05d3af6-ffb4-4033-967d-c9a3f4271401,管理員,5,8,月火水木金,07:30,16:30,283000
19c53a97-32d9-4067-8e9f-760bf9ac4cd3,管理員,4.5,8,,－,－,301000
2c995781-3a60-444d-bb79-89e9d628d999,２階専有部,5,0.5,月火水木金,06:30,07:00,17000
2c995781-3a60-444d-bb79-89e9d628d999,本館・別館,5,3.5,月火水木金,07:00,11:00,88000
a89c16c9-f127-4e2f-817c-59caa9f59369,日常清掃,2,2,,,,37000
3584036e-4108-470b-a0b9-0eac32b01fe5,日常清掃,2,2,火金,09:00,11:00,33000
54088d77-b507-4c5d-83d7-b8370181d9d4,管理員,5,7,月火水木金,09:00,17:00,218468.5
c2e057e1-36bc-419e-8e90-6de1de4f4f8f,日常清掃,4,5,月水木土,09:00,15:00,123670
c2e057e1-36bc-419e-8e90-6de1de4f4f8f,防災センター※日数変動　夜間管理員　１,3.5,1,,17:00,08:00,309487.5
c2e057e1-36bc-419e-8e90-6de1de4f4f8f,防災センター※日数変動　夜間管理員　２,3.5,1,,17:00,08:00,309487.5
c2e057e1-36bc-419e-8e90-6de1de4f4f8f,防災センター※日数変動　夜間管理員　３,3.5,1,,17:00,08:00,309487.5
c2e057e1-36bc-419e-8e90-6de1de4f4f8f,防災センター※日数変動　夜間管理員　４,3.5,1,,17:00,08:00,309487.5
8d188f3a-3380-4825-900d-4c05e5f78da2,夜間管理員,7,1,月火水木金土日,17:45,09:15,779184
a61f7c09-a289-4c8b-a53d-f33e01d084d1,日常清掃,2,3,月木,13:00,16:00,49545
acd0913f-90be-4683-a6a5-915a97ef10b2,日常清掃,2,3,火土,13:00,16:00,56052
c16f01a7-2ed9-4416-9625-96ce20fd9e8d,日常清掃,5,2,月水木金土,08:00,10:00,72753
bfbab847-fa60-481f-861a-f1c0f99df274,日常清掃,4,3,月水木土,08:30,11:30,85320
ef02d97b-7203-4900-af4f-6e4f748896e3,日常清掃,2,3,月木,14:00,17:00,52000
fb7f995f-be0f-4c63-8334-9bbf32d5a2ea,日常清掃,6,3,月火水木金土,09:00,12:00,121167
4a9a68e8-b220-4dff-902e-c117b31493e6,日常清掃,2,3,月木,14:00,17:00,52000
6ca28522-02bc-4b9c-b1af-3d62bd2baf0d,管理員,5,5,月火水木金,09:00,15:00,155477.5
e0e3f7d1-9c36-42f4-9de0-a00fbb77b24c,日常清掃,5,8,月火水木金,07:00,16:00,242780
60c8aa07-f228-4a4e-88b2-683be978fc72,日常清掃　１,5,6,月火水木金,09:00,16:00,202545
60c8aa07-f228-4a4e-88b2-683be978fc72,日常清掃　２,5,6,月火水木金,09:00,16:00,202545
60c8aa07-f228-4a4e-88b2-683be978fc72,日常清掃　３,5,6,月火水木金,09:00,16:00,202545
60c8aa07-f228-4a4e-88b2-683be978fc72,日常清掃　４,5,6,月火水木金,09:00,16:00,202545
60c8aa07-f228-4a4e-88b2-683be978fc72,管理員　１,5,7,月火水木金,09:00,17:00,241762.5
60c8aa07-f228-4a4e-88b2-683be978fc72,管理員　２,2,3,土日,09:00,12:00,9210
88a58456-8778-47e9-a906-8d6444121879,日常清掃　１,6,14,月火水木金土,08:30,16:30,488278.0000000001
88a58456-8778-47e9-a906-8d6444121879,日常清掃　２,6,3.5,月火水木金土,08:30,12:00,124526.5
88a58456-8778-47e9-a906-8d6444121879,日常清掃　３,6,7,月火水木金土,08:30,16:30,284179
88a58456-8778-47e9-a906-8d6444121879,日常清掃　４,6,7,月火水木金土,08:30,16:30,290115
88a58456-8778-47e9-a906-8d6444121879,日常清掃　５,6,7,月火水木金土,08:30,16:30,290115
1b8b6dd8-b87c-49e1-b98e-d9b9dbbb636e,管理員,4,3,月火木金,09:00,12:00,73008
0e96f025-7cb1-4bfc-9c60-e77196d891e3,管理員,4,3,月水木土,09:00,11:00,84024
2797f4c9-8ca7-4668-a345-7646c8059d47,日常清掃,3,2,月水金,09:00,11:00,41461
ea80917b-1516-4185-a8a5-9b19c88551fe,日常清掃,5,4.6,月火水木金,09:00,15:00,149520.5
6a74a70d-e7aa-4648-88e9-335e68626292,管理員,3,3,火水金,07:00,10:00,58789.5
3153b92d-788f-445b-9656-ef146b57a4ef,管理員,4,3,月火木金,08:30,11:30,84996
58d306f8-fa6c-45a9-96a2-7ed668ced60d,管理員,3,2,月水木,08:00,10:00,37261
1df4d984-c709-4492-8635-9e2614faea6c,日常清掃,2,3,火金,08:00,11:00,38152
884b6a67-4bc9-477b-92fc-48df3b6fa117,日常清掃　１,7,5,月火水木金土,09:00,15:00,261458.5
884b6a67-4bc9-477b-92fc-48df3b6fa117,日常清掃　２,5,5,月水木金土,09:00,15:00,207467.5
136e822f-aff2-4ffc-8741-2c2fb6c8b294,日常清掃,5,2.4,月火水木金,09:00,11:0012:00,76332
ca1757fe-2978-45c2-a834-9b3f3807515c,日常清掃,6,4,月火水木金土,08:00,12:00,134308
111dd8ff-4140-47e2-a383-9f91b81fad2f,管理員,7,12,月火水木金土日,09:00,21:00,492294.0000000001
bc3446a8-67c8-4691-8a85-24c88adfc821,日常清掃,2,3,,－,－,58000
37d535cb-52cb-40e2-8f5a-c5e4d0065e38,管理員,5,5,月火木金土,09:00,15:00,167467.5
5d91bc2b-784d-494a-bd9c-b137172f364d,管理員,3,7,火木土,09:00,17:00,142953.5
de34d322-b06c-4aef-b54c-c69ad9fbd428,日常清掃,6,5,月火水木金土,09:00,15:00,190000
b697f455-fd7f-4b81-a83a-14f03a3940c2,管理員,5,3,月水木金土,09:00,12:00,92296.5
f7a613d8-f15a-4b7f-b2ca-0c3a1998a6da,管理員,3,3,火水金,09:00,12:00,64000
fd41fe04-60fd-48c6-9f05-e4a3cf1ec94d,日常清掃,6,6.5,月火水木金土,08:00,16:00,208240.5
d65592cd-b216-4f20-b477-5379a768e01f,日常清掃,6,6.5,月火水木金土,08:00,16:00,208240.5
a36a9211-39fa-4dec-a961-1ffc6a336d1f,日常清掃,5,4,月火水木金,08:00,12:00,142676
a604d882-b3f1-453e-82e4-a8db506d6578,日常清掃,3,2,月水金,11:30,13:30,37255
fee3028a-bce2-4f33-be37-1e4e950f36ce,清掃管理員,2,4,月木,08:00,12:00,57000
bd367109-c758-4f65-b751-663bfd1a9500,日常清掃,6,11,月火水木金土,09:00,16:00,374781
fcc36054-f074-4073-9a75-5106fcd8dc90,管理員　１,3,5,月火金,08:00,14:00,100000
fcc36054-f074-4073-9a75-5106fcd8dc90,管理員　２,4,4.75,水木金土,08:00,14:00,104886.5
30363d5a-bc02-4201-b617-302db791ff21,管理員,6,6.35,月火水木金土,09:00,17:00,265601.35
30363d5a-bc02-4201-b617-302db791ff21,日常清掃,5,5,月火水木金,09:00,15:00,174987.5
70873a35-3beb-484d-a0cb-7d926ed2504e,管理員,4,5.75,月火水土,09:00,18:00,142220.5
7c81700a-6c3e-4a98-8420-ba8d5c596dc9,管理員,5,4,月火水木金,08:30,12:30,143660
8fa291c4-9a7c-4eac-9908-60bc411d2c0e,日常清掃,2,5,火木,09:00,15:00,82180
0de572bc-a284-42ca-90a3-e5e058157dda,管理員,5,5.8,月火水木金土,09:00,16:00,200852
679db7c9-ee4b-4d12-999c-2f6c2c05c083,管理員,5,5,月火水木金,09:00,15:00,165000
c19ddfd9-602a-4b71-98b1-58c27444d141,日常清掃,7,8.5,月火水木金土日,08:00,13:00,459868.25
668d2b37-15b8-42fe-a9a9-a80e3b8e001f,日常清掃,3,3.5,月木金,09:00,12:30,61755
492d3f63-5372-4ba8-9f89-249167adad54,日常清掃,6,3,月火水木金土,09:00,12:00,1570
faee4714-b558-4f03-8afd-0651dd49eb8b,管理員,5,5,月火水木金,08:00,14:00,158625
4a077d76-122e-4027-b079-160aa0a5e020,管理員,6,8,月火水木金土,09:00,18:00,281000
4a077d76-122e-4027-b079-160aa0a5e020,日常清掃,5,15,月火水木金,09:00,15:00,505500
eeeacc4f-e377-45f5-86e7-4fb7eb32472b,管理員,3,7,月木土,09:00,16:00,124551
f70af50f-1f69-4f8b-a52b-b94a9e6a2df5,日常清掃,3,2,火木土,,,40581
db71c865-f4c6-4fdb-8884-cfdca4d0d83e,日常清掃,3,3,火水金,13:00,16:00,60790
74003dc0-3d45-4b07-87c4-126a9cf76be6,日常清掃,3,2,火木土,,,41094
dd7f25bc-1d17-4a87-bb97-55080f98bc32,清掃管理員　１,5,5,月火水木金,09:00,15:00,177468.4
dd7f25bc-1d17-4a87-bb97-55080f98bc32,清掃管理員　２,1,3,土,09:00,12:00,
de071284-a4aa-4818-bdeb-7af2081e3163,日常清掃,3,2,月水金,,,43686
79091204-0719-4ea3-8441-5338b6371028,日常清掃,2,2,月木,10:00,12:00,26190
1ad2290d-7965-4235-89aa-8ab83ce06975,清掃管理員（清掃）,4,3,月火木金,08:00,11:00,91800
bce28882-a157-4880-a1f9-0f604384707a,日常清掃,1,1.5,水,午前,,15625.25
97f9bef5-e255-4c08-8b14-520cecfd6e9e,日常清掃,1,1,,,,10183.5
e6b36c9a-0f4c-4f9f-bfaf-f73196e4c1f0,日常清掃,1,1,水,午前,,10183.5
e26ed068-6e71-4780-8752-17a21ac95058,日常清掃,2,2,,,,40634
475a76a1-2478-44b7-8f98-ffbe685bfcfa,日常清掃,1,1,木,,,10183.5
026ddd1a-d860-4fb8-88f3-4d7baed1ac0e,日常清掃,1,1.5,火金,,,15725.25
3d76d239-6bb2-4fbd-bc78-dcd05c30f40b,共用部日常清掃,5,7.5,月火水木金,,,225800
4f41a2fe-2a9c-4bee-bb76-01359125c6ee,共用部日常清掃,6,12,月火水木金,,,497200
4f41a2fe-2a9c-4bee-bb76-01359125c6ee,５階合通　専用部,3,1.5,,,,33200
4f41a2fe-2a9c-4bee-bb76-01359125c6ee,６階丸紅　専用部,1,2,,,,27000
8c61e702-cac3-490e-b3d5-8fee210c7ea5,専用部日常清掃,7,36,月火水木金土日,,,1822080
8c61e702-cac3-490e-b3d5-8fee210c7ea5,ウォーターサーバー対応,7,12,月火水木金土日,,,555336
8c61e702-cac3-490e-b3d5-8fee210c7ea5,商材破損対応,7,24,月火水木金土日,,,1349955
8c61e702-cac3-490e-b3d5-8fee210c7ea5,便座除菌液補充,,,,,,3600
b900186a-7564-49ad-88ce-0682f2e654bb,共用部日常清掃,5,13,月火水木金,,,480000
b900186a-7564-49ad-88ce-0682f2e654bb,３階事務室Ｃ　専用部,1,1.5,,,,15400
b900186a-7564-49ad-88ce-0682f2e654bb,１階事務室Ｃ　専用部,1,1.5,,,,20000
b900186a-7564-49ad-88ce-0682f2e654bb,２階事務室Ｃ　専用部,1,1.5,,,,20000
b88fa537-9f4d-4cf7-b59b-81bb35c961bc,共用部日常清掃　１,5,19,月火水木金,,,860300
b88fa537-9f4d-4cf7-b59b-81bb35c961bc,共用部日常清掃　２,1,5,土,,,
b8062726-be7b-4da6-aaf2-78b322993151,共用部日常清掃,6,13,月火水木金土,,,530000
b8062726-be7b-4da6-aaf2-78b322993151,２階専用部　専用部,6,2,月火水木金土,,,90000
b8062726-be7b-4da6-aaf2-78b322993151,４階ａ区画　専用部,1,1.5,土,,,15000
b8062726-be7b-4da6-aaf2-78b322993151,４階ｂ区画　専用部,5,1,月火水木金,,,40000
b8062726-be7b-4da6-aaf2-78b322993151,５階ｂｃ区画　専用部,5,1.5,月火水木金,,,48000
b8062726-be7b-4da6-aaf2-78b322993151,６階ｃ区画　専用部,,,,,,70000
0c517cda-7a93-45ec-9557-8c79223bbd37,共用部日常清掃,5,18,月火水木金,,,652900
0c517cda-7a93-45ec-9557-8c79223bbd37,ＭＨＣリユースサービス　専用部,1,1,,,,9000
3e1671be-b9b8-46c6-83fa-bfd2e9422b89,共用部日常清掃,6,7,月火水木金土,,,354000
3e1671be-b9b8-46c6-83fa-bfd2e9422b89,コイズミ物流３階　専用部,5,2,,,,62700
3e1671be-b9b8-46c6-83fa-bfd2e9422b89,合通トラスコ　専用部,5,0.5,,,,16500
3e1671be-b9b8-46c6-83fa-bfd2e9422b89,コイズミ物流４階Ｂ区画　専用部,3,0.75,,,,13600
3e1671be-b9b8-46c6-83fa-bfd2e9422b89,ダイキン１階Ｂ区画　専用部,1,1.5,,,,13000
63c1fe1c-5e3f-4605-b5d6-4cb261227a96,共用部日常清掃,6,18,月火水木金土,,,679300
63c1fe1c-5e3f-4605-b5d6-4cb261227a96,ソフトバンク（火曜日）　専用部,1,1.5,火,,,2300
b8ea3e8d-c200-44ef-aba5-ad114466b3c9,西棟,5,4.25,月火水木金,,,150000
b8ea3e8d-c200-44ef-aba5-ad114466b3c9,東棟,5,2.75,月火水木金,,,84800
0ea30c1f-9f05-46d2-bbeb-ad575bb5cc7a,共用部日常清掃,6,19,月火水木金土,,,659900
083ce30b-f25c-4b70-9239-8e820c67c343,共用部日常清掃,5,11,月火水木金,,,382000
083ce30b-f25c-4b70-9239-8e820c67c343,日本トランスシティ　専用部　１,3,1.75,,,,26400
083ce30b-f25c-4b70-9239-8e820c67c343,日本トランスシティ　専用部　２,2,0.5,,,,5000
083ce30b-f25c-4b70-9239-8e820c67c343,福岡運輸（月曜日）　専用部,,2.5,月,,,3910
083ce30b-f25c-4b70-9239-8e820c67c343,福岡運輸（木曜日）　専用部,,2,木,,,3128
06f26e3c-f48a-49b4-8464-031b409e75d7,共用部日常清掃,5,16.5,月火水木金,,,555000
06f26e3c-f48a-49b4-8464-031b409e75d7,ＮＸ・ＮＰロジスティックス　専用部,5,4,月火水木金,,,93000
31d97b35-c4e1-4f80-af32-bec11bec2b1e,共用部日常清掃,7,26.5,月火水木金土日,,,1315100
31d97b35-c4e1-4f80-af32-bec11bec2b1e,散水,,,,,,68100
31d97b35-c4e1-4f80-af32-bec11bec2b1e,３階三井物産グローバルロジスティクス㈱　専用部,5,8.5,月火水木金,,,292300
31d97b35-c4e1-4f80-af32-bec11bec2b1e,１階㈱キユーソー流通システム　専用部,5,1,月火水木金,,,34000
31d97b35-c4e1-4f80-af32-bec11bec2b1e,５階６階ホームロジスティクス（ニトリ）　専用部,7,11,月火水木金土日,,,522200
31d97b35-c4e1-4f80-af32-bec11bec2b1e,３階㈱上組　専用部,2,1,,,,16000
31d97b35-c4e1-4f80-af32-bec11bec2b1e,４階鈴与㈱　Ｎ４４　専用部,3,2.5,,,,54900
31d97b35-c4e1-4f80-af32-bec11bec2b1e,４階鈴与㈱　Ｎ４３　専用部,5,1.5,月火水木金,,,46800
31d97b35-c4e1-4f80-af32-bec11bec2b1e,２階旭器機サービス㈱　専用部,5,2,月火水木金,,,73200
31d97b35-c4e1-4f80-af32-bec11bec2b1e,４階京セラコミュニケーションシステム　専用部,5,4,月火水木金,,,132300
31d97b35-c4e1-4f80-af32-bec11bec2b1e,５階京セラコミュニケーションシステム　専用部,,,,,,
4e27da26-6fee-4503-a728-0f19e7564c4d,共用部日常清掃,6,20,月火水木金土,,,811250
4e27da26-6fee-4503-a728-0f19e7564c4d,除草,,,,,,117250
4e27da26-6fee-4503-a728-0f19e7564c4d,芝生管理,,,,,,82500
4e27da26-6fee-4503-a728-0f19e7564c4d,モノタロウ　専用部,7,23,月火水木金土日,,,1219000
4e27da26-6fee-4503-a728-0f19e7564c4d,モノタロウ　ウォーターサーバー関係作業,6,6,月火水木金土,,,230000
4e27da26-6fee-4503-a728-0f19e7564c4d,生活彩家,,,,,,
50cb5bd2-244a-49a1-b141-6477285f923e,共用部日常清掃,6,18,月火水木金土,,,730125
50cb5bd2-244a-49a1-b141-6477285f923e,除草,,,,,,70625
50cb5bd2-244a-49a1-b141-6477285f923e,エレコム　専用部,5,3.5,月火水木金,,,136100
7dab9159-9651-4bab-a704-9d9fac4835cf,日常清掃,,,,,,378400
af9a95d0-0420-44c8-8637-dc3dcd05bad8,第一学舎,,,月火水木金土,,,186000
af9a95d0-0420-44c8-8637-dc3dcd05bad8,第三学舎,,,月火水木金土,,,50500
af9a95d0-0420-44c8-8637-dc3dcd05bad8,第四学舎,,,月火水木金土,,,217400
af9a95d0-0420-44c8-8637-dc3dcd05bad8,第五学舎,,,月火水木金土,,,116600
a82b4d40-bc84-400d-874e-d4d2d1e2591a,日常清掃,1,,,,,34000
8431b59b-d71d-4b8e-b83c-4e893e85846e,日常清掃,7,4,月火水木金土日,,,182200
78accd1a-4e4d-4493-8550-d90163945fc5,日常清掃,7,1,月火水木金土日,,,52000
cf214818-d0ea-4be2-9396-67b7007970a7,（株）物流センター,3,1.5,月水金,,,43400
42a9b5f3-6280-4dbd-8979-22be21d90f20,日常清掃,5,4,月火水木金,,,130200
9aaaff2b-ebba-4f72-bae5-15d6422d6aac,日常清掃,2,2.5,,,,47000
1ce7eaaa-4655-46b6-819e-386e9d41e320,日常清掃,5,3,月火水木金,06:30,09:30,131142
b0aade51-2c3f-4724-842d-dc6dc7496252,日常清掃,3,5.5,火木日,09:00,15:15,111468
d4591295-72d9-45ce-b082-1b85db692eba,日常清掃,5,6,月火木金土,08:00,変則,178149
00b0e336-44b6-40ec-90b5-34ef2629797f,日常清掃,5,3.5,月火水木金,07:30,11:00,103167
02a5757a-5481-4cd5-87c0-1fc9d2610582,日常清掃　１,5,2.5,月火水木金,変則,変則,78797
02a5757a-5481-4cd5-87c0-1fc9d2610582,日常清掃　２,6,3.5,月火水木金土,06:30,10:00,
56232903-ae37-4901-8f9c-a2efa3b07bc9,日常清掃,5,5,月火水木金,08:00,14:00,140825
30955e8b-2a10-43dd-8c1a-2528aa38036c,日常清掃,5,4,月火水木金,06:00,10:00,150000
79c0c732-0eae-42db-8fa7-e198a5e32c23,日常清掃,5,2,月火水木金,07:30,09:30,74408
fe9c374f-9a1e-4958-a872-dcd77b14b145,日常清掃,5,4,月火水木金,06:00,10:00,137600
ee8a9275-f78d-4733-aa59-15c92a36159e,日常清掃　１,5,2,月火水木金,15:00,17:00,64500
ee8a9275-f78d-4733-aa59-15c92a36159e,日常清掃　２,1,4,土,13:00,17:00,27000
ee8a9275-f78d-4733-aa59-15c92a36159e,日常清掃　３,1,2,土,07:00,09:00,13500
1bf49f3a-bc30-4255-a8a4-eb42c5f78b60,日常清掃,3,6.5,火木金日,08:00,変則,150000
c69b1b26-1b5c-4f58-a58b-898a35eff48c,日常清掃,3,6.5,火木土,08:00,変則,123285
c2c5ec6e-cd97-49c4-8bfd-0252feac1594,日常清掃,5,4,月火水木金,07:30,11:30,129000
c0665fe2-977b-4597-8508-b4b8e60701ad,日常清掃,2,3,火金,13:00,16:00,48600
b2d93244-7d58-4fc2-917b-2bda0f5f4970,日常清掃,1,2,火,09:30,11:30,14620
e2b4aefd-3a48-4eba-b6d0-b79f22542540,日常清掃,5,5,月火水木金,06:30,11:30,154000
6a64e174-1d71-4946-bad5-ba71467ae2f4,日常清掃,3,5,月水金,06:30,11:30,89765
4a249a74-8f11-49c4-9109-dc7347ef6f54,日常清掃,6,3,月火水木金土,07:00,10:00,135880
f9ca3305-624f-4950-99df-036d6427dd61,日常清掃,2,3,火金,09:00,12:00,41780
91e95896-5e40-413f-be4f-c07ddf6962ef,日常清掃　１,5,19,月火水木金,,,782000
91e95896-5e40-413f-be4f-c07ddf6962ef,日常清掃　２,1,17,土,,,
91e95896-5e40-413f-be4f-c07ddf6962ef,日常清掃　３,1,16.5,日,,,
91e95896-5e40-413f-be4f-c07ddf6962ef,日常清掃　４,,,,,,
240e2ca7-3070-4567-92ab-71eb106db784,日常清掃,5,5,月火水木金,09:00,15:00,170000
e3d402f6-422c-4504-9e60-e931e402548b,日常清掃,2,5,土日,10:00,16:00,77000
d63244d1-f7c5-44bd-920e-8c6c3614d32b,日常清掃,5,3,月火木金土,09:00,12:00,100000
a07ab415-1c88-422f-af12-f521944213e6,日常清掃,6,,火水木金土日,08:00,15:00,230000
431c06a7-e9c8-498a-851b-9ae4cf272ea2,日常清掃,5,,,08:00,13:00,132500
5781184c-f5bb-4d5c-a281-41c21fce400b,日常清掃,5,,,07:00,08:00,63410
d614e70c-c3ed-4366-bbdd-7b69c1325b1d,日常清掃,6,,,15:00,16:00,93590
6d4493a0-a0a5-4816-afe3-8fd87c9b7750,日常清掃,5,,,07:00,08:00,59300
5013ef83-d658-4012-862e-54dea8b68c84,日常清掃,7,,,09:00,16:30,321920
92077dc9-bcd5-4f0e-91bb-909e2ed98925,日常清掃,7,,,,,3062783
9e102c7e-2195-4c7a-a7e9-65a34faf5e6a,日常清掃,7,,,,,1628700
5aab5ac7-c345-470b-96ee-2e42c9ec4151,日常清掃,7,,,07:00,11:00,222100
2991111b-db22-4782-99a3-57da02a73a42,日常清掃,6,,月水木金土日,06:00,09:00,180180
4f0da643-5a01-4357-9a7a-16e9a4e1660f,日常清掃,5,,月火水木金,06:30,11:00,258777
7d7bdfcf-4847-4e13-9258-5c9839a59060,日常清掃,3,,火木土,05:45,07:15,64000
74f4486d-eafb-410c-8243-29a6ce09413c,日常清掃,7,,月火水木金土日,06:30,15:30,352950
74f4486d-eafb-410c-8243-29a6ce09413c,大阪国際鈴江特許事務所,,,,,,10910
74f4486d-eafb-410c-8243-29a6ce09413c,東洋印刷,,,,,,10535
74f4486d-eafb-410c-8243-29a6ce09413c,ギミック,,,,,,27000
801e6ba4-252d-449e-a9f4-2c33421bb5e1,日常清掃,6,,月水木金土日,09:00,17:00,500000
147b0b25-25db-41ce-b325-a6e0b1554b6c,日常清掃,7,10,月火水木金土日,09:30,21:00,350000
99808ca8-860a-4ed7-a602-23f4d721f651,日常清掃　１,5,4,月火水木金,09:00,13:00,185850
99808ca8-860a-4ed7-a602-23f4d721f651,日常清掃　２,5,4.5,月火水木金,07:00,11:30,198000
f8cc2c7a-232c-413c-b45d-653c044de32a,日常清掃,5,7,月火水木金,09:00,17:00,260000
f26bd5e2-2290-4da1-9d31-d5d82a9c8a90,日常清掃,2,2,火金,08:30,10:30,50000
f12ca7a1-88d7-4b53-b9dd-4ea2f888a5a3,日常清掃,7,2,月火水木金土日,,,147000
b04ddcc0-2d5a-4d85-abec-3578a4423c36,日常清掃　１,5,3,月火水木金,06:30,09:30,303870
b04ddcc0-2d5a-4d85-abec-3578a4423c36,日常清掃　２,5,7,月火水木金,06:00,14:00,
ade4907f-5f1a-4725-a41b-3b83d9eabc3c,日常清掃,6,7,月火水木金土,06:00,14:00,533780
ae2a41f4-36c3-47a2-bf0e-ed4452698e98,日常清掃,6,3,月火水木金土,13:00,16:00,162800
fba585ed-0f4d-4042-a1c0-f0238f6d4a67,日常清掃,1,2,木,10:00,12:00,
4bb00d0b-3218-4e83-a86c-08e457fc7754,日常清掃,3,3,水木土,,,50000
652598d3-1527-4c8d-a678-fc458581570e,日常清掃,6,5,月水木金土日,08:00,15:00,252000
c01e6cc4-1e13-4535-a0e0-6666af6419a2,日常清掃,,,,,,215000
c01e6cc4-1e13-4535-a0e0-6666af6419a2,専用部清掃,,,,,,35000
b33cdccc-5ae3-4b8f-b946-a80c01dbd85a,日常清掃,,,,,,247000
b33cdccc-5ae3-4b8f-b946-a80c01dbd85a,専用部清掃　１,,,,,,64740
b33cdccc-5ae3-4b8f-b946-a80c01dbd85a,専用部清掃　２,,,,,,40000
