Hợp đồng ID,Mã nội bộ,Loại HĐ,Tên hợp đồng (仕様),Dịch vụ,Số tiền (請求金額),Số lần/năm,Tên Genba (物件名),MCD,Khách hàng (取引先/支店),Ghi chú (備考),Tháng 4,Tháng 5,Tháng 6,Tháng 7,Tháng 8,Tháng 9,Tháng 10,Tháng 11,Tháng 12,Tháng 1,Tháng 2,Tháng 3
05c26f84-f99e-4916-baf4-0f2ecc90d5c2,TEIKI-B37AE60A,RECEIVING,害虫駆除点検業務,害虫駆除点検業務,30000.0,2,プロジェクトビル,70001231,ハウズビル不,,-,-,-,-,⚫︎,-,-,-,-,-,⚫︎,-
8dcdc2e8-70e3-42d8-80b4-fb2e5cd19c2d,TEIKI-F7639A77,RECEIVING,害虫駆除点検業務,害虫駆除点検業務,30000.0,1,関西みらい銀行　羽衣支店,70000665,ハウズ大阪,,-,-,-,-,-,-,-,⚫︎,-,-,-,-
0e317599-c635-4b14-b704-c8dd39bc5bb1,TEIKI-6A862227,RECEIVING,害虫駆除点検業務,害虫駆除点検業務,10660.0,2,東大阪市立総合体育館,41030173,ハウズ大阪,時間をＧＷＥＢへ,-,⚫︎,-,-,-,-,-,⚫︎,-,-,-,-
d5a8d685-ca88-4091-90fa-a572dc217e3b,TEIKI-EE3E7CA3,RECEIVING,害虫駆除点検業務,害虫駆除点検業務,30000.0,4,暫ビル,70001205,ハウズ大阪,（床と同じ日）自社,-,-,⚫︎,-,⚫︎,-,⚫︎,-,-,-,⚫︎,-
b67e278c-02eb-421b-8210-b309c2c67daf,TEIKI-D4AEA469,RECEIVING,害虫駆除点検業務 1,害虫駆除点検業務,130000.0,2,東大阪市花園ラグビー場,70001713,ハウズ大阪,"（薬剤散布）時間をＧＷＥＢへ入力
時間入力",-,-,⚫︎,-,-,-,-,-,⚫︎,-,-,-
f4eb2dc1-165a-47f8-a067-5266789e8918,TEIKI-67028179,RECEIVING,害虫駆除点検業務 2,害虫駆除点検業務,5000.0,6,東大阪市花園ラグビー場,70001713,ハウズ大阪,（薬剤散布）時間をＧＷＥＢへ入力,⚫︎,-,⚫︎,-,⚫︎,-,⚫︎,-,⚫︎,-,⚫︎,-
6a10e26c-1c82-4b3c-a07a-bfc36fe71640,TEIKI-9270687B,RECEIVING,植栽管理,植栽管理,60000.0,2,東大阪市花園ラグビー場,70001713,ハウズ大阪,（薬剤散布）時間をＧＷＥＢへ入力,-,⚫︎,-,-,-,-,-,⚫︎,-,-,-,-
c3454551-e7bc-436c-b0a5-5c12be8bfd4f,TEIKI-B7A4E076,RECEIVING,空気環境測定,空気環境測定,12000.0,6,ユアサ大阪ビル,41030168,ハウズビル不,,⚫︎,-,⚫︎,-,⚫︎,-,⚫︎,-,⚫︎,-,⚫︎,-
8d1fa7f8-caad-4bc7-9ebc-f9f2d120e4a7,TEIKI-D06B403B,RECEIVING,空気環境測定,空気環境測定,14100.0,6,Ｗａｊｉｍａ十番丁,70000116,ハウズ大阪,➞大阪南支店和歌山営業所,⚫︎,-,⚫︎,-,⚫︎,-,⚫︎,-,⚫︎,-,⚫︎,-
2797d420-bcb7-4bbf-90af-d82f91226a79,TEIKI-80B0B906,RECEIVING,空気環境測定,空気環境測定,32390.0,6,ボウリングスペースヒット,41030080,ハウズ大阪,,-,⚫︎,-,⚫︎,-,⚫︎,-,⚫︎,-,⚫︎,-,⚫︎
a4e51da7-c15d-4946-bd6a-2970a7080e4c,TEIKI-9F66FE5B,RECEIVING,空気環境測定,空気環境測定,14100.0,6,フォルテワジマ,70000199,ハウズ大阪,大阪南支店　ビル不動産部,-,⚫︎,-,⚫︎,-,⚫︎,-,⚫︎,-,⚫︎,-,⚫︎
7df9dc69-bae2-4710-bf2d-e2b41af93606,TEIKI-133FAE38,RECEIVING,空気環境測定,空気環境測定,20000.0,6,ノバティながの北館,70001986,ハウズ大阪,ビル不動産,-,⚫︎,-,⚫︎,-,⚫︎,-,⚫︎,-,⚫︎,-,⚫︎
775109f8-be95-43e8-85d8-8194560932ad,TEIKI-40173CD5,RECEIVING,環境測定,環境測定,10000.0,6,ノバティながの南館,41001318,ハウズ大阪南,大阪支店,-,⚫︎,-,⚫︎,-,⚫︎,-,⚫︎,-,⚫︎,-,⚫︎
8b469d4a-d7ab-43c7-9d3e-f68909c01969,TEIKI-6CDA9C33,RECEIVING,空気環境測定,空気環境測定,14000.0,6,ブルータスビル,41030176,ハウズ大阪,（Ｈ28年1月より）,-,⚫︎,-,⚫︎,-,⚫︎,-,⚫︎,-,⚫︎,-,⚫︎
c4485965-ab9a-4831-82d7-9e30ce15de0c,TEIKI-0D30DF58,RECEIVING,空気環境測定,空気環境測定,15000.0,6,東大阪市立総合体育館,41030173,ハウズ大阪,時間をＧＷＥＢへ,-,⚫︎,-,⚫︎,-,⚫︎,-,⚫︎,-,⚫︎,-,⚫︎
7f39a19a-13e6-44bd-aa89-5d781a4b0d31,TEIKI-62FF9893,RECEIVING,空気環境測定,空気環境測定,22000.0,6,Ｉ・Ｎ東洋ビル,70000844,ハウズ神戸,,-,⚫︎,-,⚫︎,-,⚫︎,-,⚫︎,-,⚫︎,-,⚫︎
05312f7f-f32b-4136-b510-9399585ddc6c,TEIKI-69C1C1BC,RECEIVING,簡易専用水道検査 1,簡易専用水道検査,16000.0,1,プロジェクトビル,70001231,ハウズビル不,,⚫︎,-,-,-,-,-,-,-,-,-,-,-
e0567005-d2e5-4679-9ac8-ee80c0765da0,TEIKI-33F9F493,RECEIVING,簡易専用水道検査,簡易専用水道検査,16000.0,1,グランプリ１１ビル,41030180,ハウズ大阪,,⚫︎,-,-,-,-,-,-,-,-,-,-,-
b256ed26-f940-487a-ac5f-2c38aaf29faa,TEIKI-BAFC7467,RECEIVING,高架水槽清掃,高架水槽清掃,33600.0,1,グランプリ１１ビル,41030180,ハウズ大阪,,⚫︎,-,-,-,-,-,-,-,-,-,-,-
bfdcc245-d579-4826-92be-0d29070d7be3,TEIKI-EF78D581,RECEIVING,専用部定期清掃,専用部定期清掃,15800.0,12,新なにわ筋中川ビル,41040052,ハウズビル不,"（第2土曜日指定自社作業）
第2土自社2024年1／13.2／10.3／9.4／13.5／11.6／8.7／13.8／17.9／14.10／12.11／9.12／14",⚫︎,⚫︎,⚫︎,⚫︎,⚫︎,⚫︎,⚫︎,⚫︎,⚫︎,⚫︎,⚫︎,⚫︎
b4de2ec9-3810-4165-a23c-fcf9801961cc,TEIKI-E10394DB,RECEIVING,ガラス清掃,ガラス清掃,33700.0,3,新なにわ筋中川ビル,41040052,ハウズビル不,,⚫︎,-,-,-,⚫︎,-,-,-,⚫︎,-,-,-
f99c7273-3ffa-4546-894d-6ba46de75b7f,TEIKI-3413C977,RECEIVING,専有部フィルター清掃,専有部フィルター清掃,0.0,4,新なにわ筋中川ビル,41040052,ハウズビル不,3.6.9.12月,-,-,⚫︎,-,-,⚫︎,-,-,⚫︎,-,-,⚫︎
979a0073-e73e-48c8-bb6e-b528cd1a6bad,TEIKI-C1FCF803,RECEIVING,専用部定期清掃,専用部定期清掃,14000.0,6,江戸堀ＫＮビル,41030050,ハウズビル不,Ｈ28.12月より変更,-,⚫︎,-,⚫︎,-,⚫︎,-,⚫︎,-,⚫︎,-,⚫︎
6a6aaa11-349a-49c3-9da4-8a7dffa6baf3,TEIKI-B1DEB0E7,RECEIVING,定期清掃,定期清掃,40000.0,6,江戸堀ＫＮビル,41030050,ハウズビル不,Ｈ28.12月より変更,-,⚫︎,-,⚫︎,-,⚫︎,-,⚫︎,-,⚫︎,-,⚫︎
cb16f359-88ac-42fe-b5b3-1232a7ba5725,TEIKI-B60EDAED,RECEIVING,ガラス清掃,ガラス清掃,40000.0,6,江戸堀ＫＮビル,41030050,ハウズビル不,Ｈ28.12月より変更,-,⚫︎,-,⚫︎,-,⚫︎,-,⚫︎,-,⚫︎,-,⚫︎
521a4078-49c2-4def-869b-07a70fa7078e,TEIKI-FB41BC02,RECEIVING,フィルター清掃,フィルター清掃,28500.0,2,江戸堀ＫＮビル,41030050,ハウズビル不,Ｈ28.12月より変更,-,⚫︎,-,-,-,-,-,⚫︎,-,-,-,-
0f8a6641-b024-4da7-b1b3-a648f332f56d,TEIKI-0CF59E97,RECEIVING,定期清掃,定期清掃,48000.0,4,パークテラス北花田,41040266,ハウズビル不,,-,⚫︎,-,-,⚫︎,-,-,⚫︎,-,-,⚫︎,-
4c0c93dc-1c06-4a73-91bd-7b26fced0ee6,TEIKI-BB303664,RECEIVING,空調点検業務,空調点検業務,36800.0,4,新なにわ筋中川ビル,41040052,ハウズビル不,12月に4ケ月分一括請求,-,-,⚫︎,-,-,⚫︎,-,-,⚫︎,-,-,⚫︎
689c3993-7c03-4aab-a453-b50cf3a765dc,TEIKI-2B34FEFD,RECEIVING,空調点検業務,空調点検業務,32200.0,4,新天王寺田中ビル,41040053,ハウズビル不,12月に4ケ月分一括請求,-,-,⚫︎,-,-,⚫︎,-,-,⚫︎,-,-,⚫︎
b03c9dec-db60-4d96-b7a9-922c17d19c28,TEIKI-88BD5C22,RECEIVING,定期清掃,定期清掃,45000.0,2,ルクレ堺筋本町レジデンス,70002264,ハウズビル不,6.12,-,-,⚫︎,-,-,-,-,-,⚫︎,-,-,-
87ef9531-0b7e-4646-ad91-ffb29cb86a3c,TEIKI-8752DCA8,RECEIVING,雑排水管清掃,雑排水管清掃,240000.0,1,ＢＲＡＶＩ南船場,70002169,ハウズビル不,Ｈ33.3月（3年ごと）,-,-,-,-,-,-,-,-,-,-,-,⚫︎
0be78058-2065-4fb0-8c00-83bc3fb7536f,TEIKI-883BDC99,RECEIVING,定期清掃,定期清掃,45000.0,2,茨木第二ビル,70003020,ハウズビル不,5.11　お知らせ山本Ｋ作成,-,⚫︎,-,-,-,-,-,⚫︎,-,-,-,-
ad7bdf38-27b2-4ded-ad80-8d3614313e9e,TEIKI-29056887,RECEIVING,ガラス清掃,ガラス清掃,60000.0,2,茨木第二ビル,70003020,ハウズビル不,5.11　お知らせ山本Ｋ作成,-,⚫︎,-,-,-,-,-,⚫︎,-,-,-,-
a769b210-c2a8-418f-93fb-238d8327574e,TEIKI-52700478,RECEIVING,フィルター清掃,フィルター清掃,45000.0,2,茨木第二ビル,70003020,ハウズビル不,5.11　お知らせ山本Ｋ作成,-,⚫︎,-,-,-,-,-,⚫︎,-,-,-,-
248bca46-dd9e-4647-8979-f0bfbe3a225c,TEIKI-1D6E7A6F,RECEIVING,植栽剪定作業,植栽剪定作業,45000.0,1,茨木第二ビル,70003020,ハウズビル不,4　　お知らせ山本Ｋ作成,⚫︎,-,-,-,-,-,-,-,-,-,-,-
f6a432d8-fc2e-464c-8fc1-e5d0b30f6da9,TEIKI-A3ED7BA5,RECEIVING,害虫駆除点検業務,害虫駆除点検業務,18000.0,2,茨木第二ビル,70003020,ハウズビル不,5.11　お知らせ山本Ｋ作成,-,⚫︎,-,-,-,-,-,⚫︎,-,-,-,-
1bc51262-b247-4d25-8b1e-e0c9b7728bae,TEIKI-2B467FD6,RECEIVING,定期清掃,定期清掃,75000.0,4,ルクレ阿波座レジデンス,70002265,ハウズビル不,3.6.9.12,-,-,⚫︎,-,-,⚫︎,-,-,⚫︎,-,-,⚫︎
da21aee1-9a71-4302-931e-fc987b3b8202,TEIKI-DF3E361D,RECEIVING,定期清掃（床面清掃）,定期清掃（床面清掃）,111483.0,4,任天堂株式会社本社開発棟,70002342,ハウズビル不,年4回（3.6.9.12）,-,-,⚫︎,-,-,⚫︎,-,-,⚫︎,-,-,⚫︎
660791cb-3479-4eac-afd0-a01cd0654514,TEIKI-202F6716,RECEIVING,定期清掃（ステンレス清拭）,定期清掃（ステンレス清拭）,5000.0,4,任天堂株式会社本社開発棟,70002342,ハウズビル不,年4回（3.6.9.12）,-,-,⚫︎,-,-,⚫︎,-,-,⚫︎,-,-,⚫︎
f3ff8a64-34ff-4a65-855d-cf9105dce07f,TEIKI-967FCA22,RECEIVING,定期清掃（ワックス清掃） 1,定期清掃（ワックス清掃）,0.0,4,任天堂株式会社本社開発棟,70002342,ハウズビル不,年4回（2.5.8.11）,-,⚫︎,-,-,⚫︎,-,-,⚫︎,-,-,⚫︎,-
fecb2d51-8804-4d39-9070-9e619eec9ce0,TEIKI-A602F467,RECEIVING,定期清掃（ワックス清掃） 2,定期清掃（ワックス清掃）,33510.0,1,任天堂株式会社本社開発棟,70002342,ハウズビル不,,-,-,-,-,-,-,-,-,-,-,⚫︎,-
9556ae0a-c5b3-45ae-af19-440e498c4490,TEIKI-6A306FCC,RECEIVING,定期清掃（ワックス清掃） 3,定期清掃（ワックス清掃）,0.0,11,任天堂株式会社本社開発棟,70002342,ハウズビル不,年11回,⚫︎,⚫︎,⚫︎,⚫︎,⚫︎,-,⚫︎,⚫︎,⚫︎,⚫︎,⚫︎,⚫︎
c0981c3a-7027-431d-8161-50029039e576,TEIKI-582254FA,RECEIVING,剥離洗浄作業,剥離洗浄作業,0.0,3,任天堂株式会社本社開発棟,70002342,ハウズビル不,年3回（6.9.10）,-,-,⚫︎,-,-,⚫︎,⚫︎,-,-,-,-,-
494fb5fe-6096-4066-b631-80e60e58e126,TEIKI-19D26D33,RECEIVING,カーペット洗浄,カーペット洗浄,0.0,2,任天堂株式会社本社開発棟,70002342,ハウズビル不,"年2回（6.11）
6月　đơｎ　ｇｉá：　129，712
11月　đơｎ　ｇｉá：　24，297",-,-,⚫︎,-,-,-,-,⚫︎,-,-,-,-
08cc4d89-c8a9-4ba7-9110-1086f62b8bc5,TEIKI-2569C5F5,RECEIVING,ガラス清掃（外面）,ガラス清掃（外面）,15278.0,12,任天堂株式会社本社開発棟,70002342,ハウズビル不,1階ガラス（外面）,⚫︎,⚫︎,⚫︎,⚫︎,⚫︎,⚫︎,⚫︎,⚫︎,⚫︎,⚫︎,⚫︎,⚫︎
7fce441c-ef27-4dd0-9071-8f72e49f6d24,TEIKI-FB78E5C9,RECEIVING,ガラス清掃（内面）,ガラス清掃（内面）,15278.0,12,任天堂株式会社本社開発棟,70002342,ハウズビル不,1階ガラス（内面）,⚫︎,⚫︎,⚫︎,⚫︎,⚫︎,⚫︎,⚫︎,⚫︎,⚫︎,⚫︎,⚫︎,⚫︎
1ac05264-5ea0-415d-9bf8-c3390924b3aa,TEIKI-78801389,RECEIVING,バケット清掃,バケット清掃,70000.0,4,任天堂株式会社本社開発棟,70002342,ハウズビル不,年4回（2.5.8.11）,-,⚫︎,-,-,⚫︎,-,-,⚫︎,-,-,⚫︎,-
3ab1e30b-2062-4df8-a4db-553e7a4efabe,TEIKI-0E680211,RECEIVING,外壁ガラスタイル清掃,外壁ガラスタイル清掃,1550000.0,1,任天堂株式会社本社開発棟,70002342,ハウズビル不,,-,-,⚫︎,-,-,-,-,-,-,-,-,-
1855c363-60d3-4478-bdb2-37982e9f2b7e,TEIKI-08AEBB7A,RECEIVING,定期清掃,定期清掃,35000.0,3,ピアチェーレ文の里,70004426,ハウズビル不,3.7.11月（雑排水管Ｈ30.10.11月2回作業あり請求11月）,-,-,-,⚫︎,-,-,-,⚫︎,-,-,-,⚫︎
a5dc5ece-f1db-4647-9ea5-1791e1a15e61,TEIKI-A6F0C1C2,RECEIVING,定期清掃,定期清掃,35000.0,3,シャルマンフジ大阪城南,70004425,ハウズビル不,3.7.11月（雑排水管Ｈ30.9.10月2回作業請求10月で）,-,-,-,⚫︎,-,-,-,⚫︎,-,-,-,⚫︎
fc3478f9-342a-49a0-a0ae-56b8bbefce78,TEIKI-885FF7E0,RECEIVING,ガラス清掃 1,ガラス清掃,60000.0,1,白百合グランドシャトー,70002388,ハウズビル不,"ビル不
照明・ガラス清掃",-,-,-,-,-,-,-,-,⚫︎,-,-,-
53a3e348-92b7-4afe-abd0-95c7352f69d2,TEIKI-A5C1311D,RECEIVING,害虫駆除点検業務,害虫駆除点検業務,28050.0,2,スポーツホールかがやき,41030146,ハウズビル不,"（害虫駆除を含む）月曜日省く　　ビル不
Ｈ30.9からハウズイング直",-,-,-,-,-,⚫︎,-,-,-,-,-,⚫︎
470424c4-aea2-48a5-8b2d-75c65e260950,TEIKI-D1E36760,RECEIVING,ＧＨＰ空調フィルター清掃,ＧＨＰ空調フィルター清掃,225000.0,1,フォルテワジマ,70000199,ハウズ大阪,"（和歌山営業所）
年1回（4月のみ）10月確認",⚫︎,-,-,-,-,-,-,-,-,-,-,-
0d8f25f5-d5f0-4d3b-8e7f-8f6c8bee797f,TEIKI-74EA61F8,RECEIVING,定期清掃,定期清掃,53500.0,2,フォルテ北館ビル,70001636,ハウズ大阪南,"（和歌山営業所）
年2回（6.12月）",-,-,⚫︎,-,-,-,-,-,⚫︎,-,-,-
08d53aae-dd16-4916-9e05-f94dd6feb083,TEIKI-BDB46F5A,RECEIVING,定期清掃 1,定期清掃,310000.0,1,コムズシティ野江Ｄ棟,41000763,ハウズ大阪,"←ＮＣよりＨＺへ
12月　đơｎ　ｇｉá：　2，019",-,-,-,-,-,-,-,-,⚫︎,-,-,-
e3560c56-64de-4304-9070-2ba4bcee0fbe,TEIKI-AE97236F,RECEIVING,定期清掃,定期清掃,45000.0,2,コンフォリア江坂広芝町,70002965,ハウズビル不,2020.2スタート,-,-,-,-,⚫︎,-,-,-,-,-,⚫︎,-
b826f82b-71d3-4f45-9a8e-5549c6cbc7a8,TEIKI-4E6A463C,RECEIVING,定期清掃,定期清掃,25000.0,2,東大阪大治ビル,70002952,ハウズビル不,2020.4から,⚫︎,-,-,-,-,-,⚫︎,-,-,-,-,-
775c7262-352f-4210-98de-642fdc2850da,TEIKI-FB37B30B,RECEIVING,定期清掃,定期清掃,45000.0,2,ＴＡＴＳＵＭＩ緑地公園,70003052,ハウズ大阪北,5.11月,-,⚫︎,-,-,-,-,-,⚫︎,-,-,-,-
645de958-3956-48b2-8eff-f15ceec738e3,TEIKI-FEA85E52,RECEIVING,特別清掃作業費,特別清掃作業費,129000.0,1,新金岡Ｃ団地,41001370,ハウズ大阪,2020.12月あり,-,-,-,-,-,-,-,-,⚫︎,-,-,-
0e4821c8-a6a5-4af8-a1c3-4818102bb74d,TEIKI-0FA70DE5,RECEIVING,特別清掃 1,特別清掃,15000.0,2,ディナスティ緑地公園,41000689,ハウズ大阪北,,-,-,-,-,-,⚫︎,-,-,-,-,-,⚫︎
0dd8ef53-c7c0-46b1-8ad2-daa0f3b1abb2,TEIKI-8222DA63,RECEIVING,受水・高架水槽点検清掃,受水・高架水槽点検清掃,33600.0,1,プロジェクトビル,70001231,ハウズビル不,ウオッシュマン,⚫︎,-,-,-,-,-,-,-,-,-,-,-
bb30ca6a-4085-467c-90e9-5329a1666d7d,TEIKI-01B45809,RECEIVING,簡易専用水道検査 2,簡易専用水道検査,16000.0,1,プロジェクトビル,70001231,ハウズビル不,大阪水道総合,⚫︎,-,-,-,-,-,-,-,-,-,-,-
bb5039d0-7832-4003-8f61-ca9239eacc8b,TEIKI-CDBAB8F2,RECEIVING,定期清掃 1,定期清掃,22000.0,2,アービング池田桜通り,41000431,ハウズ大阪北,,-,-,⚫︎,-,-,-,-,-,⚫︎,-,-,-
765d96ab-a26f-4ae2-b9f6-74c5bb3c77aa,TEIKI-8BC80738,RECEIVING,植栽管理,植栽管理,400000.0,1,クレア・クレセント住之江,70001892,ハウズビル不,,-,-,-,-,-,⚫︎,-,-,-,-,-,-
47535b81-e5fb-41d7-85b7-593ab956abf7,TEIKI-CC4EE221,RECEIVING,特別清掃,特別清掃,15000.0,1,南茨木駅前ハイタウン,41000470,ハウズ大阪北,集会所,-,-,⚫︎,-,-,-,-,-,-,-,-,-
a838f27e-7e66-43a6-837f-8d3c05a41523,TEIKI-20F8306F,RECEIVING,特別清掃,特別清掃,50000.0,1,パデシオン山科夢ヶ丘,41001320,ハウズ京都,Ｈ30.3特掃あり,-,-,-,-,-,-,-,-,-,-,-,⚫︎
0d573dce-eea6-41f1-afa2-047ba3e14b7d,TEIKI-B5F3A928,RECEIVING,定期清掃（1Ｆ）,定期清掃（1Ｆ）,6000.0,6,内藤製薬株式会社,70002824,ハウズ大阪,"第三土曜指定
ビル不",⚫︎,-,⚫︎,-,⚫︎,-,⚫︎,-,⚫︎,-,⚫︎,-
e920255e-e34c-4d6e-9041-994f8c99754f,TEIKI-9F86C18B,RECEIVING,定期清掃,定期清掃,30000.0,4,ヴィヴィア関目,41000321,ハウズ大阪,,-,⚫︎,-,-,⚫︎,-,-,⚫︎,-,-,⚫︎,-
73139d10-cd7e-484d-8101-b93acd28dd44,TEIKI-B9A68B3C,RECEIVING,定期清掃（2Ｆ）,定期清掃（2Ｆ）,9000.0,2,内藤製薬株式会社,70002824,ハウズ大阪,第三土曜指定,-,-,⚫︎,-,-,-,-,-,⚫︎,-,-,-
17f47168-a8b0-4e15-8918-e2a78c66db84,TEIKI-D26ADFBD,RECEIVING,定期清掃,定期清掃,50000.0,2,五条久保田ビル,4503003,ハウズビル不,"実施確認書は大阪支店
1.7月（2020.3月作業あり）",-,-,-,⚫︎,-,-,-,-,-,⚫︎,-,-
7b324bc8-8cf2-4a17-9e94-a26b41ee7b82,TEIKI-8A14C0A0,RECEIVING,フィルター清掃,フィルター清掃,18000.0,2,五条久保田ビル,4503003,ハウズビル不,"実施確認書は大阪支店
1.7月（2020.3月作業あり）",-,-,-,⚫︎,-,-,-,-,-,⚫︎,-,-
47f3d61d-9a92-4503-82e5-9c372fbb46c4,TEIKI-25D67C59,RECEIVING,ガラス清掃,ガラス清掃,65000.0,1,五条久保田ビル,4503003,ハウズビル不,実施確認書は大阪支店,-,-,-,-,-,-,-,-,-,⚫︎,-,-
2308ab5e-38ff-4e11-b8aa-d3b7a0c63232,TEIKI-EC65B2B0,RECEIVING,定期清掃,定期清掃,40000.0,6,西長堀ビル,70003185,ハウズビル不,"ビル不ＡＹ作業　お知らせ不要
2020.12月より偶数月",⚫︎,-,⚫︎,-,⚫︎,-,⚫︎,-,⚫︎,-,⚫︎,-
e79e71a9-1e4f-4c4e-9664-1bbbbded1768,TEIKI-6F416212,RECEIVING,害虫駆除点検,害虫駆除点検,40000.0,2,東大阪市立児童文化スポーツセンター,70003191,ハウズビル不,"時間ＧＷＥＢへ入力
2020.12より自社作業6.12月→5.11月へ変更になりました。",-,⚫︎,-,-,-,-,-,⚫︎,-,-,-,-
89ad1a00-bec6-4175-9760-e1037c4df522,TEIKI-0FE7F578,RECEIVING,噴水・池清掃業務,噴水・池清掃業務,100000.0,1,東大阪市立児童文化スポーツセンター,70003191,ハウズビル不,"時間ＧＷＥＢへ入力
業者が行く（アボーブ工房より請求来る）",-,-,-,-,-,-,-,⚫︎,-,-,-,-
5467bc67-cdd8-4c62-a5e4-c80e4354f599,TEIKI-6D5BB686,RECEIVING,年末特別清掃作業費,年末特別清掃作業費,38000.0,1,シティーコーポ住之江１号棟（ＥＡＳＴ）,41001082,ハウズ大阪,2021.12月作業あり,-,-,-,-,-,-,-,-,⚫︎,-,-,-
58ff858e-aad8-4908-8249-e8dfbff944f1,TEIKI-4F48D91C,RECEIVING,特別清掃,特別清掃,0.0,2,西道頓堀コーポ,41001475,ハウズ大阪,ＨＺ高畑様確認する,-,-,⚫︎,-,-,-,-,-,⚫︎,-,-,-
443ef179-9dfd-4c91-adbc-613ad96f9452,TEIKI-F0F0DCC9,RECEIVING,特別清掃 1,特別清掃,44000.0,1,サニークレスト桜井,41001458,ハウズ大阪南,202212月あり,-,-,-,-,-,-,-,-,⚫︎,-,-,-
327ee5b7-f941-4cc4-a682-015eb7d121b2,TEIKI-9B74314D,RECEIVING,特別清掃,特別清掃,145000.0,1,レイセニット城崎,41001011,ハウズ大阪,アシストワン,-,-,-,⚫︎,-,-,-,-,-,-,-,-
142741ab-3a19-4280-ae35-6f05d07ff22f,TEIKI-C238F521,RECEIVING,定期清掃,定期清掃,93000.0,1,ノバティながの南館,41001318,ハウズ大阪南,"（ＦＲＯＮＴＡＧＥ長野）ＡＹ
ＦＲＯＮＴＡＧＥ長野6／28　ＡＹ",-,-,-,-,-,-,-,-,⚫︎,-,-,-
00e7ab3c-f8bf-492f-ac3d-aeb10705a276,TEIKI-8809AD74,RECEIVING,フィルター清掃,フィルター清掃,69000.0,2,ユアサ大阪,41030168,ハウズビル不,報告書→ユアサへ,⚫︎,-,-,-,-,-,⚫︎,-,-,-,-,-
410282bc-1004-4638-9af4-39e41583fe43,TEIKI-FA7393C2,RECEIVING,定期清掃,定期清掃,40000.0,4,アンビエント瀬田レイクサイド,45000327,ハウズ京都,2023.8より作業月変更年6偶数➡4へ2.5.8.11月へ,-,⚫︎,-,-,⚫︎,-,-,⚫︎,-,-,⚫︎,-
25000250-3125-40dd-8816-f1e9b9ca102f,TEIKI-055677F0,RECEIVING,特別清掃,特別清掃,15000.0,2,アンビエント瀬田レイクサイド,45000327,ハウズ京都,5.11月へ,-,⚫︎,-,-,-,-,-,⚫︎,-,-,-,-
f2a7392b-02cc-4973-8d84-c7df12f66109,TEIKI-2A15B59B,RECEIVING,定期清掃,定期清掃,40000.0,3,ディアステージ高の原,45000581,ハウズ京都,,⚫︎,-,-,-,⚫︎,-,-,-,⚫︎,-,-,-
eb4d2383-082c-4674-b1d7-f6d486312b11,TEIKI-BFE895F2,RECEIVING,特別清掃（外壁高圧洗浄）,特別清掃（外壁高圧洗浄）,12000.0,1,ディアステージ高の原,45000581,ハウズ京都,,-,-,-,-,-,⚫︎,-,-,-,-,-,-
753a2ee7-9691-409b-a188-f0fe52a9ddfa,TEIKI-CFFBDAE3,RECEIVING,定期清掃,定期清掃,68000.0,2,アンビエント東向日ベルクール,45000641,ハウズ京都,,⚫︎,-,-,-,-,-,⚫︎,-,-,-,-,-
90937c35-653e-4899-8b2b-ef0459afbc62,TEIKI-3952C688,RECEIVING,定期清掃,定期清掃,55000.0,4,パサージュ彦根,45001096,ハウズ京都,,-,⚫︎,-,-,⚫︎,-,-,⚫︎,-,-,⚫︎,-
35242f1f-8596-45b1-a37f-8abff002eb3b,TEIKI-D4F93EEF,RECEIVING,定期清掃,定期清掃,160000.0,6,グローバル堅田Ⅱ,45001246,ハウズ京都,2.5.6.8.9.10月,-,⚫︎,⚫︎,-,⚫︎,⚫︎,⚫︎,-,-,-,⚫︎,-
8058e582-63eb-4372-9e27-f6197585af7c,TEIKI-CC85131B,RECEIVING,定期清掃,定期清掃,69000.0,2,ライオンズマンション四条烏丸,45001494,ハウズ京都,火木で予定2024.6月➡8月へ変更,-,-,⚫︎,-,-,-,-,-,⚫︎,-,-,-
dc19290c-97e9-4423-a121-34fc1288f458,TEIKI-C04C1420,RECEIVING,定期清掃,定期清掃,48000.0,2,ライオンズマンション清水,45001487,ハウズ京都,"月木金　9－12：00
作業月確認",⚫︎,-,-,-,-,-,⚫︎,-,-,-,-,-
bc83f926-ccda-4b0a-8536-91f828e1e4da,TEIKI-2ADFA2A2,RECEIVING,定期清掃,定期清掃,40000.0,12,フォルム洛北,45001501,ハウズ京都,"水×
2021.7月から",⚫︎,⚫︎,⚫︎,⚫︎,⚫︎,⚫︎,⚫︎,⚫︎,⚫︎,⚫︎,⚫︎,⚫︎
a5339202-86de-4d17-a4d4-fa65e8bf62fc,TEIKI-533BE6DA,RECEIVING,定期清掃,定期清掃,70000.0,6,グランシティ京都Ⅰ番館,45001507,ハウズ京都,"水曜以外
2021.8月～",⚫︎,-,⚫︎,-,⚫︎,-,⚫︎,-,⚫︎,-,⚫︎,-
114b8a4c-096b-41e4-9fea-cb030079796c,TEIKI-E5CB60B5,RECEIVING,特別清掃,特別清掃,27000.0,2,グランシティ京都Ⅰ番館,45001507,ハウズ京都,"水曜以外
2021.12月～",-,-,⚫︎,-,-,-,-,-,⚫︎,-,-,-
0b17fa91-7324-482c-ac51-18da790c3b7c,TEIKI-641A5536,RECEIVING,定期清掃Ⅱ,定期清掃Ⅱ,125000.0,1,デ・リード大津におの浜レイクサイドタワー,45001518,ハウズ京都,年1回2022.1月～,-,-,-,-,-,-,-,-,-,⚫︎,-,-
ebabad04-d237-482c-b244-730a93b62fda,TEIKI-AC4BCC19,RECEIVING,定期清掃Ⅰ,定期清掃Ⅰ,54000.0,2,デ・リード大津におの浜レイクサイドタワー,45001518,ハウズ京都,年2回2022.1.7月～,-,-,-,⚫︎,-,-,-,-,-,⚫︎,-,-
573387e7-a247-4c80-a711-1f88eaf03cfb,TEIKI-9EACB8C6,RECEIVING,定期清掃,定期清掃,38000.0,4,エメラルドマンション草津青地Ⅰ・Ⅱ,45000206,ハウズ京都,年4,⚫︎,-,-,⚫︎,-,-,⚫︎,-,-,⚫︎,-,-
87ebba76-0b0d-4a75-b972-8ffe6cc769df,TEIKI-B29167B7,RECEIVING,特別清掃Ⅱ,特別清掃Ⅱ,50000.0,3,エメラルドマンション草津青地Ⅰ・Ⅱ,45000206,ハウズ京都,年3,-,⚫︎,-,-,-,⚫︎,-,-,-,⚫︎,-,-
a212e798-dd15-48ba-9541-d7d6df4bd230,TEIKI-14927986,RECEIVING,特別清掃Ⅰ,特別清掃Ⅰ,50000.0,3,エメラルドマンション草津青地Ⅰ・Ⅱ,45000206,ハウズ京都,年3,-,-,-,⚫︎,-,-,-,⚫︎,-,-,-,⚫︎
2e88aa20-354b-4efd-b550-1e4ec434ef74,TEIKI-DAC19F7B,RECEIVING,定期清掃,定期清掃,44100.0,2,ヨシカワビル,41030003,ハウズビル不,2020.6月～5.11月　請求金額変更有,-,⚫︎,-,-,-,-,-,⚫︎,-,-,-,-
3c08af90-2fe4-4fa5-a70e-b54762c35835,TEIKI-97A08FE9,RECEIVING,ガラス清掃,ガラス清掃,30000.0,2,ヨシカワビル,41030003,ハウズビル不,2020.6月～5.11月　請求金額変更有,-,⚫︎,-,-,-,-,-,⚫︎,-,-,-,-
ae99e4fc-950a-4abe-848c-2f1623171020,TEIKI-CFA8A399,RECEIVING,定期清掃,定期清掃,12000.0,2,ニシオ帝塚山ビル,41030091,ハウズビル不,,⚫︎,-,-,-,-,-,⚫︎,-,-,-,-,-
5c106af2-70a6-4646-a359-789ee8393fdc,TEIKI-D6852BCB,RECEIVING,ガラス清掃,ガラス清掃,12000.0,2,ニシオ帝塚山ビル,41030091,ハウズビル不,,⚫︎,-,-,-,-,-,⚫︎,-,-,-,-,-
c13e3cb7-0d07-4857-b1fa-8fcc0f52a888,TEIKI-30DC356C,RECEIVING,旧館床面定期清掃,旧館床面定期清掃,39200.0,3,白百合グランドシャトー,70002388,ハウズビル不,床面定期清掃（旧館）,⚫︎,-,-,-,⚫︎,-,-,-,⚫︎,-,-,-
3ab1bcc4-0316-4bb7-a7d2-a25daf9b1e5b,TEIKI-6C3723A4,RECEIVING,Ｐタイル清掃,Ｐタイル清掃,34535.0,2,リーストラクチャー西心斎橋,41030128,ハウズビル不,（2～4Ｆ）　Ｐ1作業（夜間作業日程気を付ける）,-,-,-,⚫︎,-,-,-,-,-,⚫︎,-,-
9650ce77-d324-48e1-9eb0-072d2822574e,TEIKI-15DD5F07,RECEIVING,外周石床清掃 1,外周石床清掃,13790.0,4,リーストラクチャー西心斎橋,41030128,ハウズビル不,（1Ｆ石材洗浄）　自社作業Ｐ1作業（夜間作業日程気を付ける）,-,⚫︎,-,-,-,⚫︎,-,⚫︎,-,-,-,⚫︎
ce3e5dd8-a594-4cf7-a251-deb9e9c894d9,TEIKI-8752BA34,RECEIVING,外周石床清掃 2,外周石床清掃,34535.0,2,リーストラクチャー西心斎橋,41030128,ハウズビル不,（コーティング）Ｐ1作業Ｐ1作業（夜間作業日程気を付ける）,-,-,-,⚫︎,-,-,-,-,-,⚫︎,-,-
a3e59b5b-43ba-4f3c-b449-6fd39fc05c04,TEIKI-88724B05,RECEIVING,定期清掃,定期清掃,4925.0,12,ネオフィス堺筋本町,41030144,ハウズビル不,,⚫︎,⚫︎,⚫︎,⚫︎,⚫︎,⚫︎,⚫︎,⚫︎,⚫︎,⚫︎,⚫︎,⚫︎
3e758017-a510-4615-8dc4-f6b1a53f5c5c,TEIKI-7A1C2E42,RECEIVING,ガラス清掃,ガラス清掃,21670.0,4,ネオフィス堺筋本町,41030144,ハウズビル不,（阪堺）,-,⚫︎,-,-,⚫︎,-,-,⚫︎,-,-,⚫︎,-
1990d225-528c-4b21-b1bd-ae490c0df61d,TEIKI-DE839007,RECEIVING,空調機フィルター清掃,空調機フィルター清掃,64025.0,2,ネオフィス堺筋本町,41030144,ハウズビル不,（定期清掃と同じ日に入らない、平日のみ）,-,⚫︎,-,-,-,-,-,⚫︎,-,-,-,-
ee882b7d-68fa-4cd0-8f3b-37c0f9cb5342,TEIKI-F1E9AA73,RECEIVING,Ｐタイル清掃,Ｐタイル清掃,40000.0,3,ユアサ大阪ビル,41030168,ハウズビル不,"（自社カーペットと同日）
Ｈ29.5～金額訂正",-,⚫︎,-,-,-,⚫︎,-,-,-,⚫︎,-,-
07d2e717-9787-45a4-8dce-6a4f3bed071c,TEIKI-2DA62BF1,RECEIVING,カーペット洗浄,カーペット洗浄,130000.0,3,ユアサ大阪ビル,41030168,ハウズビル不,"（自社カーペットと同日）
Ｈ29.5～金額訂正",-,⚫︎,-,-,-,⚫︎,-,-,-,⚫︎,-,-
7dce086c-614d-47d6-ada2-1d5fb624d24a,TEIKI-FCEC40E5,RECEIVING,ガラス清掃,ガラス清掃,59100.0,3,ユアサ大阪ビル,41030168,ハウズビル不,"（自社カーペットと同日）
Ｈ29.5～金額訂正",-,⚫︎,-,-,-,⚫︎,-,-,-,⚫︎,-,-
040a62f5-e40d-427f-bdee-ddd91f50bc63,TEIKI-4B72BBE3,RECEIVING,定期床面洗浄作業,定期床面洗浄作業,30000.0,2,マキセビル,41030170,ハウズビル不,（報告書あて先マキセ産業株式会社）（自社）,-,-,⚫︎,-,-,-,-,-,⚫︎,-,-,-
fb89f2d1-6377-41a8-8265-8e4a30e029d8,TEIKI-6CA9A0E3,RECEIVING,ガラス清掃,ガラス清掃,30000.0,2,マキセビル,41030170,ハウズビル不,（報告書あて先マキセ産業株式会社）（Ｐ1）,-,-,⚫︎,-,-,-,-,-,⚫︎,-,-,-
fb0c143f-c593-4ef5-a352-9298d504dab1,TEIKI-F35AD5FF,RECEIVING,空調設備清掃,空調設備清掃,22000.0,2,マキセビル,41030170,ハウズビル不,（報告書あて先マキセ産業株式会社）（Ｐ1）,-,-,⚫︎,-,-,-,-,-,⚫︎,-,-,-
62ed33d5-01b5-49a5-8313-6627e706581f,TEIKI-291E5B00,RECEIVING,定期清掃,定期清掃,27630.0,3,米澤ビル第5江坂,41030171,ハウズビル不,（アシスト）,-,⚫︎,-,-,-,⚫︎,-,-,-,⚫︎,-,-
0a16a7fb-f6d5-4323-ab06-63206ff30007,TEIKI-740103BB,RECEIVING,ガラス清掃,ガラス清掃,18420.0,3,米澤ビル第5江坂,41030171,ハウズビル不,（ＡＹ）作業はＡＹ実施確認書は自社,-,⚫︎,-,-,-,⚫︎,-,-,-,⚫︎,-,-
165cd455-28da-42fb-af0f-1c1f59139a63,TEIKI-D3007530,RECEIVING,ガラス清掃,ガラス清掃,45000.0,4,ブルータスビル,41030176,ハウズビル不,プラスワン,-,⚫︎,-,-,⚫︎,-,-,⚫︎,-,-,⚫︎,-
a8131a5f-a2db-4fa1-a2aa-7313d5f27454,TEIKI-A034DE08,RECEIVING,定期清掃（ガラス清掃含）,定期清掃（ガラス清掃含）,120170.0,2,プロジェクトビル,70001231,ハウズビル不,（ガラスはＰ1／床アシスト）Ｇ－ＷＥＢ実施は両日入れて1枚で添付,-,-,⚫︎,-,-,-,-,-,⚫︎,-,-,-
8dd1d63c-46f9-4e2f-9ad2-62d1715a3cec,TEIKI-89756E4D,RECEIVING,フィルター清掃,フィルター清掃,20000.0,2,プロジェクトビル,70001231,ハウズビル不,2025.3.31から5.11月へ,-,⚫︎,-,-,-,-,-,⚫︎,-,-,-,-
5f0de38c-2e04-4d3e-a07a-a0eb1e7c9be8,TEIKI-5D63AC1F,RECEIVING,定期清掃,定期清掃,44000.0,6,南塚口ビル本館・別館,41030181,ハウズビル不,（第3日曜日固定）ＷＭ　月水金指定,⚫︎,-,⚫︎,-,⚫︎,-,⚫︎,-,⚫︎,-,⚫︎,-
419850cf-a9da-4c5b-855f-4e389e904915,TEIKI-258A4ABC,RECEIVING,ガラス清掃,ガラス清掃,108000.0,2,南塚口ビル本館・別館,41030181,ハウズビル不,"（トップクリーン→㈱山本➡マルク）　月水金指定
4.8.12➡8.12へ",-,-,-,-,⚫︎,-,-,-,⚫︎,-,-,-
f574de74-29a5-42fd-8808-83ccefc6e334,TEIKI-54A2D4C7,RECEIVING,フィルター清掃,フィルター清掃,49000.0,2,南塚口ビル本館・別館,41030181,ハウズビル不,月水金　13：00～,-,⚫︎,-,-,-,-,-,⚫︎,-,-,-,-
70e5747d-6b08-4876-b55c-6e049f80df7a,TEIKI-D03B2007,RECEIVING,定期清掃,定期清掃,40000.0,6,日興電気工業株式会社ビル,41033002,ハウズビル不,（ガラス含む第3日曜）,⚫︎,-,⚫︎,-,⚫︎,-,⚫︎,-,⚫︎,-,⚫︎,-
b13060e2-2871-4619-91c1-473f33061b2f,TEIKI-12AD8950,RECEIVING,定期清掃,定期清掃,8000.0,12,ローズコーポ新大阪７,41040027,ハウズビル不,,⚫︎,⚫︎,⚫︎,⚫︎,⚫︎,⚫︎,⚫︎,⚫︎,⚫︎,⚫︎,⚫︎,⚫︎
88c1fbc5-b680-4fd6-a63f-123f60368cb5,TEIKI-B4318F2D,RECEIVING,定期清掃,定期清掃,80000.0,12,ローズコーポ西中島,41040509,ハウズビル不,80000➡143730へ2025.11～×➡80.000でＢＴＯＢ入金,⚫︎,⚫︎,⚫︎,⚫︎,⚫︎,⚫︎,⚫︎,⚫︎,⚫︎,⚫︎,⚫︎,⚫︎
8fff9201-f013-4614-b77c-ec4321e447a5,TEIKI-2793E215,RECEIVING,定期清掃,定期清掃,44325.0,2,マッセ新大阪ハイツ旧館・新館,41040634,ハウズビル不,,-,-,⚫︎,-,-,-,-,-,⚫︎,-,-,-
039dfad6-0cb8-4938-b952-7e6c24db322d,TEIKI-9028936D,RECEIVING,定期清掃,定期清掃,27000.0,2,バルカン富田林,41040759,ハウズビル不,,-,-,-,⚫︎,-,-,-,-,-,⚫︎,-,-
3c0e470b-7650-4471-bd67-7b0fcedc7f06,TEIKI-8B0D23BB,RECEIVING,床面定期清掃業務費,床面定期清掃業務費,36000.0,2,ＢＲＡＶＩ新大阪,41040789,ハウズビル不,,-,⚫︎,-,-,-,-,-,⚫︎,-,-,-,-
b4c0e5fd-9f90-4a49-a868-b00fa48fbab8,TEIKI-E82431F3,RECEIVING,定期清掃,定期清掃,26000.0,6,クレール西宮北口,41040973,ハウズビル不,,⚫︎,-,⚫︎,-,⚫︎,-,⚫︎,-,⚫︎,-,⚫︎,-
bb50c66c-90ea-4edf-aa72-938c32c9e308,TEIKI-1E4EFA9E,RECEIVING,定期清掃,定期清掃,18000.0,3,大手前ハイツ,41041022,ハウズビル不,2026.5月～年3回（1.5.9月）／2026.5まで奇数月11000請求,-,⚫︎,-,-,-,⚫︎,-,-,-,⚫︎,-,-
31dd24ea-2a65-4cd7-a490-d16b06bf5932,TEIKI-4A7C31E9,RECEIVING,定期清掃,定期清掃,31520.0,3,モンテ・エスパーニャ,70000381,ハウズビル不,"（作業月変更）　Ｈ29.6より
3.7.11",-,-,-,⚫︎,-,-,-,⚫︎,-,-,-,⚫︎
ffa0b38d-9dcb-4e42-81a4-4e27fbee74e2,TEIKI-ED15B053,RECEIVING,定期清掃,定期清掃,26595.0,2,フレアコートＫＭ福島,70000573,ハウズビル不,,-,-,⚫︎,-,-,-,-,-,⚫︎,-,-,-
6acd6dab-57c9-4930-bfcb-e2724c5e414a,TEIKI-11B750B6,RECEIVING,定期清掃,定期清掃,88650.0,2,エルヴェ東天満,70000617,ハウズビル不,"マルク
2019.6より金額訂正",-,-,⚫︎,-,-,-,-,-,⚫︎,-,-,-
1ca22fed-979f-42c0-b7f4-2b3fef49c36e,TEIKI-3A191172,RECEIVING,フィルター清掃,フィルター清掃,25000.0,2,エルヴェ東天満,70000617,ハウズビル不,"マルク
2026.6月開始",-,-,⚫︎,-,-,-,-,-,⚫︎,-,-,-
0689e3a1-a536-4a99-8b87-bd2ef49f21c5,TEIKI-A83DE02A,RECEIVING,ガラス清掃,ガラス清掃,19700.0,2,エルヴェ東天満,70000617,ハウズビル不,"マルク
2019.6より金額訂正",-,-,⚫︎,-,-,-,-,-,⚫︎,-,-,-
a95fe540-036a-488a-958a-a74a8b7e54f6,TEIKI-D93D89D2,RECEIVING,ガラス清掃,ガラス清掃,41370.0,4,プラザ梅田ビル,70000620,ハウズビル不,4.10月内面有り請求金額￥56000→Ｈ30.1より￥55000へＨ31.1より41.370へ同額請求,⚫︎,-,-,⚫︎,-,-,⚫︎,-,-,⚫︎,-,-
4cb14df8-b16e-492f-8407-5ad9ace27450,TEIKI-03EDDEDD,RECEIVING,定期清掃,定期清掃,42000.0,2,おおきに百万遍サニーアパートメント,70000711,ハウズビル不,,⚫︎,-,-,-,-,-,⚫︎,-,-,-,-,-
e2b62b06-b433-4928-a92a-83f65c0338cd,TEIKI-3A19993E,RECEIVING,定期床面清掃,定期床面清掃,64000.0,2,梅ヶ枝中央ビル,70001000,ハウズビル不,"（トライアップ）
6月12月へ変更2022.12月より",-,-,⚫︎,-,-,-,-,-,⚫︎,-,-,-
e4ec9b31-1fdf-4b00-9fb7-536c373b6556,TEIKI-25F418AA,RECEIVING,窓ガラス清掃,窓ガラス清掃,64000.0,2,梅ヶ枝中央ビル,70001000,ハウズビル不,"（ビルテック）ガラス．フィルター同日
6月12月へ変更2022.12月より",-,-,⚫︎,-,-,-,-,-,⚫︎,-,-,-
a3741a28-0a38-4bca-af9e-56238f8d39ed,TEIKI-BC614B45,RECEIVING,フィルター清掃,フィルター清掃,88000.0,2,梅ヶ枝中央ビル,70001000,ハウズビル不,"（ビルテック）ガラス．フィルター同日
6月12月へ変更2022.12月より",-,-,⚫︎,-,-,-,-,-,⚫︎,-,-,-
15640b4f-667c-42e9-a090-36ea1ca4cd4b,TEIKI-C915CFD8,RECEIVING,専用部定期清掃,専用部定期清掃,80000.0,12,プラザ梅田ビル,70000620,ハウズビル不,9階・10階・11階（Ｇ－ＷＥＢ2日間入力）,⚫︎,⚫︎,⚫︎,⚫︎,⚫︎,⚫︎,⚫︎,⚫︎,⚫︎,⚫︎,⚫︎,⚫︎
ca4519b9-44f7-46bd-8d1f-6971e81ec5ec,TEIKI-0DA91A3A,RECEIVING,ガラス清掃,ガラス清掃,19700.0,1,サンライズ肥後橋ビル,70001180,ハウズビル不,,-,-,-,-,-,-,-,⚫︎,-,-,-,-
c52ab3c6-4ccd-4f1e-888b-2a0ef1f34569,TEIKI-1836E1C7,RECEIVING,定期床清掃,定期床清掃,14250.0,2,淡路町ビル,70001183,ハウズビル不,,⚫︎,-,-,-,-,-,⚫︎,-,-,-,-,-
1b51e6ad-01e2-433d-9d83-f049ac826e2a,TEIKI-8C754DB5,RECEIVING,ガラス清掃,ガラス清掃,28500.0,2,淡路町ビル,70001183,ハウズビル不,（平日）,⚫︎,-,-,-,-,-,⚫︎,-,-,-,-,-
9bf11e66-e665-4701-93a7-2aec8c809376,TEIKI-6865E926,RECEIVING,定期清掃,定期清掃,41370.0,6,暫ビル,70001205,ハウズビル不,,⚫︎,-,⚫︎,-,⚫︎,-,⚫︎,-,⚫︎,-,⚫︎,-
4bea78c9-67cf-4011-9b95-4926c498aab1,TEIKI-4B6FD5B8,RECEIVING,共用部定期清掃,共用部定期清掃,21000.0,2,ノバプロスペリテ,41030167,ハウズビル不,,-,⚫︎,-,-,-,-,-,⚫︎,-,-,-,-
1af5e97b-80ba-4294-a06f-0f262d8bd37b,TEIKI-F84735FE,RECEIVING,床面定期清掃業務費,床面定期清掃業務費,24000.0,4,長瀬レーベンハイム,41040113,ハウズビル不,（ＡＹ）,-,⚫︎,-,-,⚫︎,-,-,⚫︎,-,-,⚫︎,-
14d48c98-e9ca-4a93-95e3-e7c718f3b15a,TEIKI-182A83D5,RECEIVING,定期清掃,定期清掃,24000.0,12,ロイヤルハイツ野田・野田ロイヤルビル,41040111,ハウズビル不,,⚫︎,⚫︎,⚫︎,⚫︎,⚫︎,⚫︎,⚫︎,⚫︎,⚫︎,⚫︎,⚫︎,⚫︎
cd954282-de96-4f93-8730-56ac7dfbda2c,TEIKI-FED5D87D,RECEIVING,定期清掃,定期清掃,25788.0,6,リヴェール御影,70000286,ハウズビル不,,⚫︎,-,⚫︎,-,⚫︎,-,⚫︎,-,⚫︎,-,⚫︎,-
1f1a4e72-5fbf-4699-b046-e8f4ecb77ea0,TEIKI-1EC24B99,RECEIVING,定期清掃,定期清掃,28000.0,3,ＲＥＮ元町駅前,70000298,ハウズビル不,,⚫︎,-,-,-,⚫︎,-,-,-,⚫︎,-,-,-
cc4a9024-965c-47c7-932c-1769d642560d,TEIKI-C6CFC259,RECEIVING,定期清掃,定期清掃,24000.0,3,セシル富松,41043037,ハウズビル不,3700➡24.000（2025.4月より）,⚫︎,-,-,-,⚫︎,-,-,-,⚫︎,-,-,-
1943c236-8122-406a-9812-627ac091e04b,TEIKI-DE6862DB,RECEIVING,定期清掃,定期清掃,32000.0,6,日新信用金庫西灘支店,43030021,ハウズビル不,火水木のみ,-,⚫︎,-,⚫︎,-,⚫︎,-,⚫︎,-,⚫︎,-,⚫︎
230c60bd-6afa-4977-8d42-4b2b8655f486,TEIKI-C0BD2C7D,RECEIVING,定期清掃,定期清掃,34475.0,2,ＢＲＡＶＩ南船場,70002169,ハウズビル不,,⚫︎,-,-,-,-,-,⚫︎,-,-,-,-,-
e721fd4d-ece4-4286-88b5-1eee4f0a580d,TEIKI-B8D43981,RECEIVING,定期清掃,定期清掃,29649.0,4,メゾン・ド・フェニックス,41040286,ハウズビル不,,-,⚫︎,-,-,⚫︎,-,-,⚫︎,-,-,⚫︎,-
7a118790-fc7e-4280-8a68-ab0a2dae935e,TEIKI-DE2B2BC7,RECEIVING,定期清掃,定期清掃,15760.0,2,みおつくし東なんば,70001363,ハウズビル不,,-,-,-,-,-,⚫︎,-,-,-,-,-,⚫︎
1c5f82b4-a95e-4831-9cde-684adf91789e,TEIKI-F1DBB09C,RECEIVING,定期清掃,定期清掃,34475.0,2,ザ・パーククロス阿波座,70002168,ハウズビル不,ウオッシュマン,-,-,-,-,-,⚫︎,-,-,-,-,-,⚫︎
12c3bc6f-774b-4359-b123-f57d58c3a728,TEIKI-227FA01B,RECEIVING,定期清掃,定期清掃,54175.0,2,ＢＰＲレジデンス江坂,70002233,ハウズビル不,2.8（ｈ30.2月より）,-,-,-,-,⚫︎,-,-,-,-,-,⚫︎,-
bd833ba4-67ef-43df-8575-ac9fdc73fcff,TEIKI-D8058636,RECEIVING,定期清掃,定期清掃,56840.0,2,グッドライフ南草津Ⅱ,70001591,ハウズビル不,2019.5～,-,⚫︎,-,-,-,-,-,⚫︎,-,-,-,-
9e3e95cf-bc90-42b1-897b-52d782923248,TEIKI-949BAD00,RECEIVING,定期清掃,定期清掃,15000.0,12,第三多田ビル,70002305,ハウズビル不,2019.4～,⚫︎,⚫︎,⚫︎,⚫︎,⚫︎,⚫︎,⚫︎,⚫︎,⚫︎,⚫︎,⚫︎,⚫︎
7ab50bf8-d5c7-4742-878b-274595a01587,TEIKI-82D2821C,RECEIVING,定期清掃,定期清掃,27000.0,2,ピアレゾン新今里,70002559,ハウズビル不,2019.9～,-,-,-,-,-,⚫︎,-,-,-,-,-,⚫︎
28818bb5-1f08-42e6-8ea9-cd4ad70e665f,TEIKI-F0114072,RECEIVING,定期清掃,定期清掃,34300.0,2,セレニテ西宮本町,70002512,ハウズビル不,"アシスト
2019.6～",-,-,⚫︎,-,-,-,-,-,⚫︎,-,-,-
5c259b0d-2c09-4dc0-879e-8b4b5dc965ac,TEIKI-84E90607,RECEIVING,定期清掃,定期清掃,30000.0,2,ローズコーポ阪神尼崎,41040282,ハウズビル不,,-,-,-,-,-,⚫︎,-,-,-,-,-,⚫︎
7522d430-1d71-4bdc-a922-a2723281e311,TEIKI-297A5E86,RECEIVING,定期清掃,定期清掃,43000.0,4,池田ビル３号館,70001196,ハウズビル不,"（マルクリーン）
2月　đơｎ　ｇｉá：　73，875",-,⚫︎,-,-,⚫︎,-,-,⚫︎,-,-,⚫︎,-
c712da07-a2c6-4114-b1bc-d2ae81d0155e,TEIKI-979AED9F,RECEIVING,ガラス清掃,ガラス清掃,32000.0,4,池田ビル３号館,70001196,ハウズビル不,（マルクリーン）,-,⚫︎,-,-,⚫︎,-,-,⚫︎,-,-,⚫︎,-
0494af4a-9356-4ade-8275-41ec34ee3918,TEIKI-DABF751F,RECEIVING,フィルター清掃,フィルター清掃,29550.0,2,池田ビル３号館,70001196,ハウズビル不,"（マルクリーン）
日曜日以外",-,⚫︎,-,-,-,-,-,⚫︎,-,-,-,-
a307da54-3669-4a90-8fbc-cf4807cecf9a,TEIKI-A49472C0,RECEIVING,フィルター清掃,フィルター清掃,13000.0,4,株式会社リーガルコーポレーション大阪,70002176,ハウズビル不,3.6.9.12　　（ビル不）,-,-,⚫︎,-,-,⚫︎,-,-,⚫︎,-,-,⚫︎
fea43d73-5e1f-43b2-ba18-e75d5d8bd7bc,TEIKI-18D81A94,RECEIVING,定期清掃,定期清掃,15680.0,6,ＩＤビル,70002212,ハウズビル不,自社,-,⚫︎,-,⚫︎,-,⚫︎,-,⚫︎,-,⚫︎,-,⚫︎
7400b4c1-47e5-44f3-9bbf-aa6a6feddd20,TEIKI-6A5E2039,RECEIVING,ガラス清掃,ガラス清掃,24500.0,2,ＩＤビル,70002212,ハウズビル不,"2023.8月のみ10月作業へ　工事の為
㈱山本",-,-,-,-,⚫︎,-,-,-,-,-,⚫︎,-
fd9755ff-4e18-4a23-b858-e65d868e0f8a,TEIKI-B595D936,RECEIVING,新館定期軽作業,新館定期軽作業,3000.0,12,白百合グランドシャトー,70002388,ハウズビル不,定期軽作業,⚫︎,⚫︎,⚫︎,⚫︎,⚫︎,⚫︎,⚫︎,⚫︎,⚫︎,⚫︎,⚫︎,⚫︎
5adc5e4f-7c34-4722-96ba-77c356c590c9,TEIKI-DAE2F50D,RECEIVING,新館床面定期清掃,新館床面定期清掃,29400.0,12,白百合グランドシャトー,70002388,ハウズビル不,床面定期清掃,⚫︎,⚫︎,⚫︎,⚫︎,⚫︎,⚫︎,⚫︎,⚫︎,⚫︎,⚫︎,⚫︎,⚫︎
ae5969c7-0715-43a0-b23b-29d80ebec2d8,TEIKI-F122E08C,RECEIVING,旧館定期軽作業,旧館定期軽作業,4000.0,9,白百合グランドシャトー,70002388,ハウズビル不,定期軽作業（旧館）,-,⚫︎,⚫︎,⚫︎,-,⚫︎,⚫︎,⚫︎,-,⚫︎,⚫︎,⚫︎
ca9744cc-bb56-431b-b1b1-ba22077a6d39,TEIKI-AA822317,RECEIVING,ガラス清掃 2,ガラス清掃,58800.0,1,白百合グランドシャトー,70002388,ハウズビル不,照明・ガラス清掃,-,-,-,-,-,-,-,-,⚫︎,-,-,-
0732f38b-404c-4508-ac9b-5b1a397d5294,TEIKI-2E8D061B,RECEIVING,定期清掃,定期清掃,25480.0,2,みおつくし小路,70002823,ハウズビル不,2020.8よりＨＺ→ＮＣ26000→25480,-,-,-,-,⚫︎,-,-,-,-,-,⚫︎,-
7d447eda-ae13-4a10-bdaa-bfc5800bc74b,TEIKI-804A1A8C,RECEIVING,定期清掃,定期清掃,40000.0,4,セレニテ北久宝寺,70002513,ハウズビル不,2021.3月から,-,-,⚫︎,-,-,⚫︎,-,-,⚫︎,-,-,⚫︎
0d889290-853e-454b-9e5e-a98413318d26,TEIKI-55A9E051,RECEIVING,定期清掃,定期清掃,23640.0,1,ハピネスエスト,70000575,ハウズビル不,,-,-,-,-,-,-,-,-,⚫︎,-,-,-
775209f8-cbd4-4e6c-a933-93214e27ea5d,TEIKI-88C3E535,RECEIVING,共用部定期清掃,共用部定期清掃,370000.0,4,ＪＲＷＤ堂島タワー,41030075,ハウズビル不,"実施確認書は自社作成
自社・八翔・ＢＥＰＲＯ",-,-,⚫︎,-,-,⚫︎,-,-,⚫︎,-,-,⚫︎
98330de3-b76a-4c9d-9854-10dfd65032c3,TEIKI-22708232,RECEIVING,専用部定期清掃　15Ｆ・17Ｆ　西菱電機㈱,専用部定期清掃　15Ｆ・17Ｆ　西菱電機㈱,92263.0,2,ＪＲＷＤ堂島タワー,41030075,ハウズビル不,,-,-,-,-,-,⚫︎,-,-,-,-,-,⚫︎
80da0b5e-4bba-42dd-8600-b0c15f179fb3,TEIKI-C501D8C0,RECEIVING,カーペット洗浄　8Ｆ・11Ｆ　㈱ビー・トライブ,カーペット洗浄　8Ｆ・11Ｆ　㈱ビー・トライブ,67520.0,1,ＪＲＷＤ堂島タワー,41030075,ハウズビル不,,-,-,-,-,-,-,-,-,⚫︎,-,-,-
e666a828-ec63-4eea-803e-683536b17d97,TEIKI-020982E5,RECEIVING,専用部定期清掃　14Ｆ　㈱オリナス,専用部定期清掃　14Ｆ　㈱オリナス,21670.0,2,ＪＲＷＤ堂島タワー,41030075,ハウズビル不,,-,-,-,-,-,⚫︎,-,-,-,-,-,⚫︎
762b439d-237a-432d-8967-6a3d7f6143b1,TEIKI-9D57BD4F,RECEIVING,専用部定期清掃　13Ｆ　ＤＯＷＡホールディングス㈱,専用部定期清掃　13Ｆ　ＤＯＷＡホールディングス㈱,15760.0,2,ＪＲＷＤ堂島タワー,41030075,ハウズビル不,,-,-,-,⚫︎,-,-,-,-,-,⚫︎,-,-
40948f16-9ca8-49ad-91db-602608d212f7,TEIKI-78A739A8,RECEIVING,専用部定期清掃　13Ｆ　㈱セプテムプロダクツ,専用部定期清掃　13Ｆ　㈱セプテムプロダクツ,14775.0,12,ＪＲＷＤ堂島タワー,41030075,ハウズビル不,,⚫︎,⚫︎,⚫︎,⚫︎,⚫︎,⚫︎,⚫︎,⚫︎,⚫︎,⚫︎,⚫︎,⚫︎
5aa4a20e-c481-44ab-afc2-04ced4699097,TEIKI-93B651EA,RECEIVING,定期清掃　13Ｆ　㈱ブレーンナレッジシステムズ,定期清掃　13Ｆ　㈱ブレーンナレッジシステムズ,15570.0,1,ＪＲＷＤ堂島タワー,41030075,ハウズビル不,,-,-,-,-,-,-,-,-,-,-,⚫︎,-
37a8464e-ee92-42f1-ac4c-baae5309f49f,TEIKI-D2D93084,RECEIVING,専用部定期清掃　10Ｆ　日本事務器械専用部,専用部定期清掃　10Ｆ　日本事務器械専用部,41370.0,1,ＪＲＷＤ堂島タワー,41030075,ハウズビル不,,-,-,⚫︎,-,-,-,-,-,-,-,-,-
36f63c59-b7aa-4d69-abcc-abd4ba8dd7fc,TEIKI-D358A21E,RECEIVING,専用部定期清掃　12Ｆ　日油商事㈱,専用部定期清掃　12Ｆ　日油商事㈱,1575.0,6,ＪＲＷＤ堂島タワー,41030075,ハウズビル不,,⚫︎,-,⚫︎,-,⚫︎,-,⚫︎,-,⚫︎,-,⚫︎,-
5c09d6f1-4542-48fe-8661-96952788c7e9,TEIKI-FCB013FC,RECEIVING,専用部定期清掃　12Ｆ　日油㈱,専用部定期清掃　12Ｆ　日油㈱,39400.0,6,ＪＲＷＤ堂島タワー,41030075,ハウズビル不,,⚫︎,-,⚫︎,-,⚫︎,-,⚫︎,-,⚫︎,-,⚫︎,-
64ba79df-0bd4-4f9c-acce-7f39bd5fe1c1,TEIKI-F3A27982,RECEIVING,バキューム清掃　8Ｆ・11Ｆ　㈱ビー・トライブ,バキューム清掃　8Ｆ・11Ｆ　㈱ビー・トライブ,1812.0,5,ＪＲＷＤ堂島タワー,41030075,ハウズビル不,日常の作業時に入るが実施確認書は定期清掃に合わす,⚫︎,-,⚫︎,-,⚫︎,-,⚫︎,-,-,-,⚫︎,-
f9e6c7fb-83d7-48ae-ac77-c77e8cdb9ca9,TEIKI-6F93F6F7,RECEIVING,専用部定期清掃　Ｂ1Ｂ　Ｕｍｉｏｓ㈱,専用部定期清掃　Ｂ1Ｂ　Ｕｍｉｏｓ㈱,5000.0,4,ＪＲＷＤ堂島タワー,41030075,ハウズビル不,,-,-,⚫︎,-,-,⚫︎,-,-,⚫︎,-,-,⚫︎
589acfdc-1ca8-4f72-a2bd-8b2527a767db,TEIKI-AD438EA1,RECEIVING,定期清掃　13Ｆ　㈱オリナス,定期清掃　13Ｆ　㈱オリナス,13273.0,2,ＪＲＷＤ堂島タワー,41030075,ハウズビル不,,-,-,-,-,-,⚫︎,-,-,-,-,-,⚫︎
84833955-d757-4ef6-b0a9-9a5220a12817,TEIKI-21E67E80,RECEIVING,定期清掃　2Ｆ　ＥＮＥＯＳ㈱,定期清掃　2Ｆ　ＥＮＥＯＳ㈱,15500.0,2,ＪＲＷＤ堂島タワー,41030075,ハウズビル不,,-,-,-,-,-,⚫︎,-,-,-,-,-,⚫︎
7c36c358-2326-466b-8e18-0b8fde122016,TEIKI-4D12C96A,RECEIVING,専用部定期清掃　12Ｆ　日油技研工業㈱,専用部定期清掃　12Ｆ　日油技研工業㈱,2363.0,6,ＪＲＷＤ堂島タワー,41030075,ハウズビル不,,⚫︎,-,⚫︎,-,⚫︎,-,⚫︎,-,⚫︎,-,⚫︎,-
5802f348-6dc3-40c4-bd46-030388a9be2d,TEIKI-F61DB0D3,RECEIVING,専用部定期清掃　12Ｆ　油化産業㈱,専用部定期清掃　12Ｆ　油化産業㈱,19700.0,6,ＪＲＷＤ堂島タワー,41030075,ハウズビル不,,⚫︎,-,⚫︎,-,⚫︎,-,⚫︎,-,⚫︎,-,⚫︎,-
924e96b9-dcf9-4a3f-83ae-720cd7c243d5,TEIKI-63D1BF4B,RECEIVING,専用部定期清掃　2Ｆ　しんきん大阪システムサービス㈱,専用部定期清掃　2Ｆ　しんきん大阪システムサービス㈱,33947.0,2,ＪＲＷＤ堂島タワー,41030075,ハウズビル不,,-,⚫︎,-,-,-,-,-,⚫︎,-,-,-,-
4c306411-aaa7-4bf9-9be9-0520c7622e42,TEIKI-F6F005B1,RECEIVING,専用部定期清掃　3Ｆ　マルハニチロ㈱　第二土曜日,専用部定期清掃　3Ｆ　マルハニチロ㈱　第二土曜日,49743.0,1,ＪＲＷＤ堂島タワー,41030075,ハウズビル不,,-,-,-,-,-,-,-,⚫︎,-,-,-,-
a00d1556-1ffc-40e8-8fa0-d63fc8f98131,TEIKI-1AF5068C,RECEIVING,専用部定期清掃　サカイオーベックス（株）,専用部定期清掃　サカイオーベックス（株）,31520.0,1,ＪＲＷＤ堂島タワー,41030075,ハウズビル不,,-,-,-,-,⚫︎,-,-,-,-,-,-,-
04a3da59-a038-4eca-8d1d-fd7e28f7f778,TEIKI-D95EB50A,RECEIVING,専用部定期清掃　2Ｆ　松下不動産㈱,専用部定期清掃　2Ｆ　松下不動産㈱,18819.0,1,ＪＲＷＤ堂島タワー,41030075,ハウズビル不,,-,-,-,-,-,-,-,-,⚫︎,-,-,-
8577b8fa-2cb9-4d93-9eb9-cd08b3a3c860,TEIKI-5C151535,RECEIVING,定期清掃,定期清掃,22104.0,1,ドリームコート豊中,70000292,ハウズビル不,,-,-,-,⚫︎,-,-,-,-,-,-,-,-
c7eee9d2-7513-4608-83ab-fe9c87917eeb,TEIKI-87499AD8,RECEIVING,定期清掃 1,定期清掃,40000.0,1,ＡＤビル梅田,70001592,ハウズビル不,,-,-,-,-,⚫︎,-,-,-,-,-,-,-
7ee4155a-c832-4fef-b38b-f0d9a686cf84,TEIKI-12416516,RECEIVING,定期清掃 2,定期清掃,60000.0,1,ＡＤビル梅田,70001592,ハウズビル不,,-,-,-,-,-,-,-,-,-,-,⚫︎,-
88a3950d-fe00-454b-93ea-91f5c1c798a4,TEIKI-9538C131,RECEIVING,定期清掃,定期清掃,29000.0,2,甲子園口寮,70003505,ハウズビル不,"アシスト　　火土以外
2023.3開始",-,-,-,-,-,⚫︎,-,-,-,-,-,⚫︎
9975ae3a-47d3-4f8b-b8a5-2ee6043d9f7c,TEIKI-BB8021CD,RECEIVING,定期清掃,定期清掃,29000.0,4,テラスレジデンス四ツ橋,70003651,ハウズビル不,年4回,-,-,⚫︎,-,-,⚫︎,-,-,⚫︎,-,-,⚫︎
815422b8-fc7d-4614-8013-f7141ac7a478,TEIKI-270558DD,RECEIVING,定期清掃,定期清掃,58000.0,1,グランツ御影,70003662,ハウズビル不,年1回　2023.9月から,-,-,-,-,-,⚫︎,-,-,-,-,-,-
934fcbc4-99ab-45e2-8b43-913fc1efc166,TEIKI-83C26FE4,RECEIVING,定期清掃,定期清掃,55000.0,1,ＩＢ豊津,70003682,ハウズビル不,,-,-,-,-,-,-,-,⚫︎,-,-,-,-
112f474e-7010-4d33-a1ca-8978518e471b,TEIKI-B92129E5,RECEIVING,定期清掃,定期清掃,0.0,2,スプリント吹田内本町,70003722,ハウズビル不,"4月　đơｎ　ｇｉá：　15，000
10月　đơｎ　ｇｉá：　40，000",⚫︎,-,-,-,-,-,⚫︎,-,-,-,-,-
c07d5532-02cf-4362-8a05-f4a18d0edeee,TEIKI-05AB98FD,RECEIVING,定期清掃,定期清掃,58000.0,2,ローズコーポ堺筋本町,70003714,ハウズビル不,,-,-,⚫︎,-,-,-,-,-,⚫︎,-,-,-
a2e99c40-b915-4d34-bd0e-01688a2e41d4,TEIKI-4F59D589,RECEIVING,定期清掃,定期清掃,40000.0,2,ロイヤルオータム,41040279,ハウズビル不,,-,⚫︎,-,-,-,-,-,⚫︎,-,-,-,-
4ea5eae6-afcb-4788-b45a-0433a1290905,TEIKI-5B419919,RECEIVING,特定建築物定期調査,特定建築物定期調査,85000.0,1,ロイヤルオータム,41040279,ハウズビル不,,-,⚫︎,-,-,-,-,-,-,-,-,-,-
39b37c19-d7df-47c0-bf85-e195a2e4b5e0,TEIKI-331875A3,RECEIVING,定期清掃,定期清掃,66000.0,2,ウイング旭ケ丘,70003022,ハウズビル不,,-,-,-,⚫︎,-,-,-,-,-,⚫︎,-,-
4ec09697-3023-4ef2-b630-4b8080dd8b83,TEIKI-FF5D2A6C,RECEIVING,定期清掃,定期清掃,15000.0,4,昭栄ビル　北館,41030016,ハウズビル不,第2土曜日　2024.8月,-,⚫︎,-,-,⚫︎,-,-,⚫︎,-,-,⚫︎,-
38e82b4c-edd6-4830-926f-55aa90b75f41,TEIKI-A034FF41,RECEIVING,定期清掃,定期清掃,49000.0,2,ローズコーポ新大阪９,41040401,ハウズビル不,第2土曜日　20249月～,-,-,-,-,-,⚫︎,-,-,-,-,-,⚫︎
7c0abedd-fbbf-43ea-80b0-b9db67dd2e07,TEIKI-029F255E,RECEIVING,特定建築物定期検査（特殊建築物定期検査）,特定建築物定期検査（特殊建築物定期検査）,85000.0,1,シティヒルズ安堂寺,70003107,ハウズビル不,（3年に1回）　2024年・2027年・2030年,-,-,⚫︎,-,-,-,-,-,-,-,-,-
d422cb40-0da0-4e19-bcd6-b412f32038d4,TEIKI-6C00EA7D,RECEIVING,定期清掃,定期清掃,40000.0,2,シティヒルズ安堂寺,70003107,ハウズビル不,,-,-,-,⚫︎,-,-,-,-,-,⚫︎,-,-
6353dd42-b294-4ae6-a0af-c778f1727996,TEIKI-2B72E78C,RECEIVING,専用部定期清掃　701専有部,専用部定期清掃　701専有部,9500.0,12,ヨシカワビル,41030003,ハウズビル不,"（教育出版）第2土曜　　2024.6月～
2024.5月～",⚫︎,⚫︎,⚫︎,⚫︎,⚫︎,⚫︎,⚫︎,⚫︎,⚫︎,⚫︎,⚫︎,⚫︎
2c2a7d00-ff3d-4d05-9c4f-81c52e68b1c7,TEIKI-8F43BC71,RECEIVING,定期清掃,定期清掃,101000.0,2,夙川ニューコーポ・芦屋ニューコーポⅠ番館・芦屋ニューコーポⅡ番館・朝日ヶ丘荘苑,70003854,ハウズビル不,,-,-,⚫︎,-,-,-,-,⚫︎,-,-,-,-
b02d7759-9b36-4bb5-828f-a53ab55185f1,TEIKI-622666FA,RECEIVING,定期清掃,定期清掃,58000.0,2,西宮ニューコーポ・安田ビルⅠ号館・安田ビルⅡ号館,70003855,ハウズビル不,,-,-,⚫︎,-,-,-,-,⚫︎,-,-,-,-
7de6c555-9204-44a5-94c3-b2ecf19d8848,TEIKI-B7B00BD3,RECEIVING,電気設備点検,電気設備点検,0.0,12,リーストラクチャー西心斎橋,41030128,ハウズビル不,,⚫︎,⚫︎,⚫︎,⚫︎,⚫︎,⚫︎,⚫︎,⚫︎,⚫︎,⚫︎,⚫︎,⚫︎
b16a8ec8-8fe0-4d75-a080-cb863c4070d5,TEIKI-D9860D98,RECEIVING,定期清掃,定期清掃,26000.0,3,テラスレジデンス夙川駅前,70003765,ハウズビル不,,-,-,⚫︎,-,-,-,⚫︎,-,-,-,⚫︎,-
a8747a23-3b55-4bb6-be0a-470b1dcd2fad,TEIKI-CEFAEE46,RECEIVING,定期清掃,定期清掃,40000.0,2,ＭＥＬＤＩＡ　ＣＲＥＳＴ桜ノ宮Ｋｉｒｓｃｈ,70004113,ハウズビル不,2025.5月～,-,⚫︎,-,-,-,-,-,⚫︎,-,-,-,-
642f8376-5986-4974-b306-b7cfd237e9a6,TEIKI-379FB133,RECEIVING,定期清掃,定期清掃,30000.0,2,テラスレジデンス新大阪,70004133,ハウズビル不,,-,-,-,⚫︎,-,-,-,-,-,⚫︎,-,-
f65d4c36-6c4a-48dc-a57f-13ec731bd3fc,TEIKI-615C550D,RECEIVING,定期清掃,定期清掃,40000.0,2,コンフォリア・リヴ京橋,70004116,ハウズビル不,,-,⚫︎,-,-,-,-,-,⚫︎,-,-,-,-
89fbf018-0ab7-4f11-82a9-f76ff64e1377,TEIKI-0A10A235,RECEIVING,定期清掃,定期清掃,40000.0,2,コンフォリア・リヴ南森町Ⅱ,70004117,ハウズビル不,,-,⚫︎,-,-,-,-,-,⚫︎,-,-,-,-
cde6d150-a139-4a6b-b1e9-4a31d8c5d459,TEIKI-911C0119,RECEIVING,定期清掃,定期清掃,42000.0,2,ライフフィールド弁天サラスベイ,70004370,ハウズビル不,2026.6月～➞1月・7月へ変更（6.12月は物件多い為）ＨＺ山崎様連絡済山本Ｂより,-,-,-,⚫︎,-,-,-,-,-,⚫︎,-,-
bd3910c4-3d81-479d-90ec-571ba4273428,TEIKI-A79ADB46,RECEIVING,植栽管理,植栽管理,96000.0,1,ライフフィールド弁天サラスベイ,70004370,ハウズビル不,2026.10月～,-,-,-,-,-,-,⚫︎,-,-,-,-,-
2cfaad02-fb3c-4212-bf05-3fa158a7a1fe,TEIKI-80892426,RECEIVING,定期清掃,定期清掃,37000.0,2,ＭＦＰＲコート日本橋イースト,70004424,ハウズビル不,年2回,-,⚫︎,-,-,-,-,-,⚫︎,-,-,-,-
e45eeb5c-5722-48f7-b528-62309c053ade,TEIKI-01925CB2,RECEIVING,特別清掃,特別清掃,87000.0,1,戎グリーンハイツ,41040898,ハウズビル不,2026年有り,-,-,-,-,-,-,-,-,⚫︎,-,-,-
0b3f7f6e-5577-4bd1-9af7-1f0b6be3eaa4,TEIKI-AD9AC777,RECEIVING,定期清掃,定期清掃,141000.0,1,サニーハイツ堺,41000006,ハウズ大阪南,,-,-,-,-,-,-,-,-,⚫︎,-,-,-
a8ed7ff6-7574-4c63-82a1-34541b9e00c0,TEIKI-1C13F247,RECEIVING,定期清掃,定期清掃,27000.0,6,洋伸帝塚山マンション,41000019,ハウズ大阪南,2024.6月～,⚫︎,-,⚫︎,-,⚫︎,-,⚫︎,-,⚫︎,-,⚫︎,-
df2f6bb8-cd9b-4e22-880e-ab02e6a9d0de,TEIKI-C49CE22C,RECEIVING,特別清掃,特別清掃,24000.0,1,洋伸帝塚山マンション,41000019,ハウズ大阪南,2024.12月～,-,-,-,-,-,-,-,-,⚫︎,-,-,-
7e72724b-0c5b-4427-b6f2-e0214068d055,TEIKI-F84603D1,RECEIVING,定期清掃,定期清掃,27000.0,2,ハイコート晴明丘,41000029,ハウズ大阪南,2024.7月～,-,-,-,⚫︎,-,-,-,-,⚫︎,-,-,-
34ccc1c4-09cc-414d-bc3f-f4c349ff0fe8,TEIKI-E9F8BD97,RECEIVING,定期清掃,定期清掃,18000.0,6,ローレル鳳,41000109,ハウズ大阪南,Ｈ29.10月よりＮＣより移管,⚫︎,-,⚫︎,-,⚫︎,-,⚫︎,-,⚫︎,-,⚫︎,-
9d4c6cb5-a339-450a-b1ba-a29760a17daf,TEIKI-4F22EBD2,RECEIVING,定期清掃,定期清掃,59850.0,4,平野コーポ,41000157,ハウズ大阪南,（第2火曜指定）,-,-,⚫︎,-,-,⚫︎,-,-,⚫︎,-,-,⚫︎
000bf8c2-8c4d-43c6-bc19-2d99692b7c13,TEIKI-93B6F765,RECEIVING,定期清掃,定期清掃,21000.0,12,シティパーク北野田,41000167,ハウズ大阪南,2024.8月～,⚫︎,⚫︎,⚫︎,⚫︎,⚫︎,⚫︎,⚫︎,⚫︎,⚫︎,⚫︎,⚫︎,⚫︎
cb5b05a0-0ebb-4e67-a769-d0fdaf5f7b8c,TEIKI-945041C5,RECEIVING,特別清掃,特別清掃,70000.0,2,シティパーク北野田,41000167,ハウズ大阪南,2024.12月～,-,⚫︎,-,-,-,-,-,-,⚫︎,-,-,-
84df51bf-a535-45c9-af6c-ad3bf2a7fa53,TEIKI-81078319,RECEIVING,定期清掃,定期清掃,49000.0,6,ヘリテージ帝塚山,41000243,ハウズ大阪南,2024.6月～,⚫︎,-,⚫︎,-,⚫︎,-,⚫︎,-,⚫︎,-,⚫︎,-
8c922f60-b56e-4d5d-b463-b2fb67912b6e,TEIKI-984A18FC,RECEIVING,定期清掃,定期清掃,13000.0,6,デ・リード住吉公園,41000304,ハウズ大阪南,"月水土9－12：00
Ｈ29.10月よりＮＣより移管",⚫︎,-,⚫︎,-,⚫︎,-,⚫︎,-,⚫︎,-,⚫︎,-
17b79e11-27eb-4d56-b0aa-f96ccb6b8e3e,TEIKI-4ABE863A,RECEIVING,定期清掃,定期清掃,290000.0,2,かもめ第1コーポ団地,41000309,ハウズ大阪南,年2回,-,-,-,⚫︎,-,-,-,-,⚫︎,-,-,-
921dcf85-c592-4b3b-a059-fedd967c236e,TEIKI-49097FEF,RECEIVING,定期清掃Ⅰ,定期清掃Ⅰ,12000.0,6,アンビエント金剛東ガーデンコート,41000311,ハウズ大阪南,,⚫︎,-,⚫︎,-,⚫︎,-,⚫︎,-,⚫︎,-,⚫︎,-
447d012e-f316-4034-9131-0d92495f1d16,TEIKI-7B639E66,RECEIVING,定期清掃Ⅱ,定期清掃Ⅱ,60000.0,3,アンビエント金剛東ガーデンコート,41000311,ハウズ大阪南,,⚫︎,-,-,-,⚫︎,-,-,-,⚫︎,-,-,-
1d11bcaf-55df-4c8e-b4e4-584feac683f5,TEIKI-07F1D731,RECEIVING,特別清掃,特別清掃,19000.0,1,アンビエント金剛東ガーデンコート,41000311,ハウズ大阪南,,-,-,-,-,-,-,⚫︎,-,-,-,-,-
a7780c30-e963-42e3-a93f-17107668564c,TEIKI-DFFF23A3,RECEIVING,定期清掃,定期清掃,63000.0,6,ロイヤルハイツ藤井寺,41000367,ハウズ大阪南,マルクリーン　第2金曜×,⚫︎,-,⚫︎,-,⚫︎,-,⚫︎,-,⚫︎,-,⚫︎,-
f8c49e77-46c5-453e-b54d-4ef202bd2672,TEIKI-9E988157,RECEIVING,定期清掃,定期清掃,130000.0,2,スペリオシティ泉北深井,41000378,ハウズ大阪南,5.11月　8月（特掃）Ｈ30.7～,-,⚫︎,-,-,-,-,-,⚫︎,-,-,-,-
95030a61-6e2a-41d6-9ced-0e1dab88b7f2,TEIKI-5C6C7BCC,RECEIVING,特別清掃,特別清掃,30000.0,1,スペリオシティ泉北深井,41000378,ハウズ大阪南,Ｈ30.7～,-,-,-,-,⚫︎,-,-,-,-,-,-,-
e164235c-5429-4467-9916-d8a92f959bfd,TEIKI-ACFA4C44,RECEIVING,定期清掃,定期清掃,21000.0,3,クラウンハイム住吉,41000413,ハウズ大阪南,2024.8月～,⚫︎,-,-,-,⚫︎,-,-,-,⚫︎,-,-,-
6c0775f9-847b-470a-a449-581990eab33e,TEIKI-8E1F43D7,RECEIVING,定期清掃,定期清掃,16200.0,12,進和グレーシィハイツ堺,41000432,ハウズ大阪南,ＮＣ→シンセイへ2021.8末日常管理員解約,⚫︎,⚫︎,⚫︎,⚫︎,⚫︎,⚫︎,⚫︎,⚫︎,⚫︎,⚫︎,⚫︎,⚫︎
3d948327-e770-4e5a-99c4-7e453a90b5d5,TEIKI-BF5B45D6,RECEIVING,定期清掃,定期清掃,28000.0,2,パークサイドマンション,41000443,ハウズ大阪南,2024.6月～,-,-,⚫︎,-,-,-,-,-,⚫︎,-,-,-
eaf83803-28a6-4862-afe2-eec881aae38e,TEIKI-D3E18129,RECEIVING,定期清掃,定期清掃,80000.0,2,エバーグリーン第2住吉,41000454,ハウズ大阪南,2024.6月～,-,-,-,-,⚫︎,-,-,-,-,-,⚫︎,-
3c8806a5-4f6b-4f3b-863d-819afc78f397,TEIKI-37E7A831,RECEIVING,定期清掃,定期清掃,120000.0,3,ファミールハイツ鳳サウスフォレスト,41000455,ハウズ大阪南,"マルクリーン
3.7.11月　　Ｈ30.7～　　2日間",-,-,-,⚫︎,-,-,-,⚫︎,-,-,-,⚫︎
25caf7a6-ab89-4374-b15d-dd37cea4b34b,TEIKI-4C8ED7F2,RECEIVING,定期清掃,定期清掃,59000.0,12,ネオコーポ花園町,41000475,ハウズ大阪南,2024.6月～,⚫︎,⚫︎,⚫︎,⚫︎,⚫︎,⚫︎,⚫︎,⚫︎,⚫︎,⚫︎,⚫︎,⚫︎
f77d0b18-bcb4-448c-b97f-9a2704affd10,TEIKI-32698D40,RECEIVING,ガラス清掃,ガラス清掃,46000.0,2,ハイネスヴェルデ　岸和田,41000522,ハウズ大阪南,"2024.10月～
4.10月➡5.11へ（ＥＶ点検と同月に行う）",-,⚫︎,-,-,-,-,-,⚫︎,-,-,-,-
d92b7a10-8ee6-4b6f-bf35-77bdebbbe87d,TEIKI-47238FED,RECEIVING,定期清掃,定期清掃,44011.0,4,朝倉グリーンマンション,41000526,ハウズ大阪南,3.6.9.12月,-,-,⚫︎,-,-,⚫︎,-,-,⚫︎,-,-,⚫︎
83db27da-b3b6-4d71-bb91-f4b0ee06817f,TEIKI-64C03EB9,RECEIVING,定期清掃,定期清掃,27000.0,2,アンビエント住吉公園,41000529,ハウズ大阪南,2024.6月～,-,-,⚫︎,-,-,-,-,-,⚫︎,-,-,-
e20ce7dd-9b93-43c5-ba4d-b4b271f18255,TEIKI-0887A7EC,RECEIVING,定期清掃,定期清掃,21000.0,2,プロパレス平野背戸口フィエルテ,41000552,ハウズ大阪南,2024.6月～,-,-,⚫︎,-,-,-,-,-,⚫︎,-,-,-
605130db-60cf-4bd3-a118-11c1d5defebf,TEIKI-027AE194,RECEIVING,定期清掃,定期清掃,32000.0,2,プロパレス東住吉山坂エテルノ,41000572,ハウズ大阪南,火水希望　　2024.6月～,-,-,⚫︎,-,-,-,-,-,⚫︎,-,-,-
f1622c46-d753-4ead-bacb-18525e3d20d9,TEIKI-B5148927,RECEIVING,定期清掃,定期清掃,32000.0,2,ディナスティ中百舌鳥,41000592,ハウズ大阪南,2024.6月～,-,-,⚫︎,-,-,-,-,-,⚫︎,-,-,-
28fa1101-ab9c-4e36-acf0-605844215b9f,TEIKI-1E44CE1E,RECEIVING,定期清掃,定期清掃,26000.0,2,アンビエント上野芝,41000605,ハウズ大阪南,"（水日以外）月火木金9－17のみ
年2（6.12）",-,-,⚫︎,-,-,-,-,-,⚫︎,-,-,-
6397b7d7-4ac2-4eb3-83b7-9b5c5043db30,TEIKI-E9B2B53C,RECEIVING,定期清掃,定期清掃,40000.0,2,プロパレス浜寺ピアチェーレ,41000614,ハウズ大阪南,2024.9月～,-,-,-,-,-,⚫︎,-,-,-,-,-,⚫︎
4e405cad-aa47-41d4-8f3b-2a6ab5f766d8,TEIKI-8D36DB18,RECEIVING,定期清掃,定期清掃,50000.0,1,アンビエントノイエ駒川中野,41000823,ハウズ大阪南,,-,-,-,-,-,-,⚫︎,-,-,-,-,-
30f4a3fc-2fb2-469a-b90a-d896b1eb06ab,TEIKI-7794C5F2,RECEIVING,定期清掃,定期清掃,60000.0,2,プロパレス泉ヶ丘ステーションステージ,41000901,ハウズ大阪南,"木×
マルク",-,-,-,⚫︎,-,-,-,-,-,⚫︎,-,-
7b66167f-ebd0-48e6-973a-376d005a139f,TEIKI-464F2CDE,RECEIVING,定期清掃,定期清掃,60000.0,2,ダイアパレス浜寺イースト,41000903,ハウズ大阪南,,-,⚫︎,-,-,-,-,-,⚫︎,-,-,-,-
d23183ef-91a0-4874-bccd-458b7634b671,TEIKI-A35FB61E,RECEIVING,特別清掃,特別清掃,20000.0,1,ダイアパレス浜寺イースト,41000903,ハウズ大阪南,,-,-,-,-,-,-,-,⚫︎,-,-,-,-
f7f66edd-9cb9-41c1-a8e1-5043260e1931,TEIKI-B80C2B6F,RECEIVING,定期清掃,定期清掃,39372.0,2,朝日プラザ天王寺Ⅱ,41000917,ハウズ大阪南,30.12月より39971－39372へ,-,-,⚫︎,-,-,-,-,-,⚫︎,-,-,-
d1ba33ac-c6b6-4193-a449-47c3ef9cb3fd,TEIKI-7C87A73F,RECEIVING,特別清掃,特別清掃,35460.0,1,朝日プラザ天王寺Ⅱ,41000917,ハウズ大阪南,,-,-,-,-,-,-,-,⚫︎,-,-,-,-
16d4f17f-8108-40e7-823f-4b9f0ad53205,TEIKI-D6491CF2,RECEIVING,定期清掃,定期清掃,80000.0,2,プロパレス道明寺ステイシィ,41000933,ハウズ大阪南,,-,-,-,-,-,⚫︎,-,-,-,-,-,⚫︎
b29a0003-7ba6-4f39-abff-04422103f7ee,TEIKI-B0DDE258,RECEIVING,定期清掃,定期清掃,45000.0,2,住吉の杜ガーデンハウス,41000956,ハウズ大阪南,水×,-,-,⚫︎,-,-,-,-,-,⚫︎,-,-,-
1b7e76fc-31f6-4576-aa3b-e9667e7ea481,TEIKI-4E852482,RECEIVING,定期清掃,定期清掃,120000.0,4,ライオンズマンション松原松ヶ丘,41001046,ハウズ大阪南,"（木．金）マル2026.10月10／27.28
年4（1.4.7.10）　　特掃（12月）33000円",⚫︎,-,-,⚫︎,-,-,⚫︎,-,-,⚫︎,-,-
eb87e69b-9ffe-42e5-8e63-731f59dafa85,TEIKI-3AED2CBF,RECEIVING,特別清掃,特別清掃,33000.0,1,ライオンズマンション松原松ヶ丘,41001046,ハウズ大阪南,（木．金）マル➡自社Ｆのみ,-,-,-,-,-,-,-,-,⚫︎,-,-,-
463e4907-f1cd-477e-90e6-7efcba8faf08,TEIKI-E0E254EF,RECEIVING,定期清掃,定期清掃,38000.0,12,シティーコーポ住之江１号棟（ＥＡＳＴ）,41001082,ハウズ大阪南,,⚫︎,⚫︎,⚫︎,⚫︎,⚫︎,⚫︎,⚫︎,⚫︎,⚫︎,⚫︎,⚫︎,⚫︎
95e583a2-cd3b-4438-8048-2f9ea68145a0,TEIKI-20E98172,RECEIVING,定期清掃,定期清掃,35000.0,4,クレアコート新金岡,41001139,ハウズ大阪南,月木指定,⚫︎,-,-,⚫︎,-,-,⚫︎,-,-,⚫︎,-,-
d5836f7f-9a64-4db0-a919-e4950471c0a6,TEIKI-666A4D66,RECEIVING,ガラス清掃,ガラス清掃,10000.0,2,クレアコート新金岡,41001139,ハウズ大阪南,月木指定,-,-,-,⚫︎,-,-,-,-,-,⚫︎,-,-
ddd59164-8586-4dbe-ba97-716190a98bc4,TEIKI-66119F36,RECEIVING,定期清掃,定期清掃,100000.0,4,セントラルステージ光明池,41001149,ハウズ大阪南,,-,-,⚫︎,-,-,⚫︎,-,-,⚫︎,-,-,⚫︎
6582b7a2-8298-473a-8eb9-7dabd04aace3,TEIKI-F31141F2,RECEIVING,定期清掃,定期清掃,28000.0,2,スコーレ高師浜,41001261,ハウズ大阪南,"月水金　　木曜日は避ける
2023.3より年2回へ",-,-,⚫︎,-,-,-,-,-,⚫︎,-,-,-
56cbb78e-6f34-4d45-9fdb-9fe9782647cc,TEIKI-997DE001,RECEIVING,定期清掃,定期清掃,68000.0,2,朝日プラザ阿倍野,41001271,ハウズ大阪南,"第1.3水曜省く
マルク",-,-,⚫︎,-,-,-,-,-,⚫︎,-,-,-
65f1fca2-cdd8-4020-a454-53227e72c1fa,TEIKI-4FC56126,RECEIVING,定期清掃,定期清掃,43000.0,3,グリーンコーポ王寺,41001382,ハウズ大阪南,,⚫︎,-,-,-,⚫︎,-,-,-,⚫︎,-,-,-
87cfa82c-6c4b-4ecf-8aca-46e809c82eff,TEIKI-1AC71928,RECEIVING,定期清掃,定期清掃,85000.0,1,グランアッシュ富田林ベルエール,41001415,ハウズ大阪南,"月火木金
マルク2021のみ3月➡7月工事",-,-,-,⚫︎,-,-,-,-,-,-,-,-
e108fbe1-11a8-417a-957f-2e11cea3aa4c,TEIKI-ED7DCE38,RECEIVING,定期清掃,定期清掃,100000.0,4,リバーガーデン平野駅前ＥＣＯ,41001446,ハウズ大阪南,"火水
マルク",-,-,⚫︎,-,-,⚫︎,-,-,⚫︎,-,-,⚫︎
51085d88-d46c-445d-99a8-b5c9257ef3f9,TEIKI-C520796B,RECEIVING,定期清掃,定期清掃,19000.0,6,サニークレスト桜井,41001458,ハウズ大阪南,"9－12指定
奇数月2020.5月より",-,⚫︎,-,⚫︎,-,⚫︎,-,⚫︎,-,⚫︎,-,⚫︎
6b3bc2ed-0689-41a1-b6c5-d5771bbb1052,TEIKI-99234244,RECEIVING,定期清掃,定期清掃,110000.0,2,ワコーレ舞子グランテラス,43001175,ハウズ神戸,,-,⚫︎,-,-,-,-,-,-,-,⚫︎,-,-
08c99f30-cd2c-4518-9772-3e04497769b8,TEIKI-0BE81CB8,RECEIVING,特別清掃 2,特別清掃,44000.0,1,サニークレスト桜井,41001458,ハウズ大阪南,6.12月→12月のみ,-,-,-,-,-,-,-,-,⚫︎,-,-,-
4d77e990-9429-490b-b7bc-252d4c419e53,TEIKI-96431C51,RECEIVING,定期清掃Ⅰ,定期清掃Ⅰ,386500.0,1,美加の台南海アーバンコンフォート弐番館,41001509,ハウズ大阪南,,-,-,⚫︎,-,-,-,-,-,-,-,-,-
d0a980cb-e02c-4933-bc3e-ed60dca63b02,TEIKI-3A662EBF,RECEIVING,定期清掃Ⅱ,定期清掃Ⅱ,366500.0,1,美加の台南海アーバンコンフォート弐番館,41001509,ハウズ大阪南,,-,-,-,-,-,-,-,-,⚫︎,-,-,-
5b9efaae-4cc6-4321-8215-1384174ee889,TEIKI-B0AC6D8C,RECEIVING,定期清掃,定期清掃,65000.0,4,レーベン浜寺公園,41001525,ハウズ大阪南,"水以外
2022.2月より",-,⚫︎,-,-,⚫︎,-,-,⚫︎,-,-,⚫︎,-
60b6a06e-96f8-485f-98ac-6ec8cf30b293,TEIKI-FCAF9936,RECEIVING,定期清掃,定期清掃,54000.0,4,グラン・コート岸和田小松里町,41001544,ハウズ大阪南,"八翔
2022.9月～",-,-,⚫︎,-,-,⚫︎,-,-,⚫︎,-,-,⚫︎
f1d4ad1c-aa9f-4f26-9803-070409f5103f,TEIKI-2FD76BC1,RECEIVING,定期清掃,定期清掃,48000.0,1,ブルク帝塚山,41001553,ハウズ大阪南,2022.12月～　　ＢＥＰＲＯ,-,-,-,-,-,-,-,-,⚫︎,-,-,-
6f317f34-9cc6-4061-8f32-36d66082dbf3,TEIKI-75396CDA,RECEIVING,定期清掃,定期清掃,48000.0,3,ライオンズマンション加美正覚寺,41001582,ハウズ大阪南,,⚫︎,-,-,-,⚫︎,-,-,-,⚫︎,-,-,-
a002853b-d9dd-4cd8-8efb-d1c60b4393a7,TEIKI-63632CB2,RECEIVING,定期清掃,定期清掃,25000.0,4,ルイシャトレ王寺,41001621,ハウズ大阪南,2024.9～,-,-,⚫︎,-,-,⚫︎,-,-,⚫︎,-,-,⚫︎
3d4e8ff0-5a0e-48f8-82c1-d94c7e4b0fae,TEIKI-05DD7A27,RECEIVING,定期清掃,定期清掃,75000.0,2,ロイヤルアーク藤沢台,41001646,ハウズ大阪南,"火水金のみ
2025.6月開始トライアップ",-,-,⚫︎,-,-,-,-,-,⚫︎,-,-,-
bbc88002-8553-4db5-9362-2273d1f3195b,TEIKI-4AEDF244,RECEIVING,定期清掃,定期清掃,28000.0,1,スターハイツ長居,41001650,ハウズ大阪南,2025.12月開始,-,-,-,-,-,-,-,-,⚫︎,-,-,-
98e28eb1-9759-4e56-88cf-fc4402b954fe,TEIKI-65A01A70,RECEIVING,定期清掃,定期清掃,42845.0,4,シャルマンフジ橋本三石台,41000974,ハウズ大阪南,2.5.8.11月,-,⚫︎,-,-,⚫︎,-,-,⚫︎,-,-,⚫︎,-
c0157103-6c7f-4695-826b-5334d65daa67,TEIKI-EDEFB436,RECEIVING,特別清掃,特別清掃,28600.0,1,シャルマンフジ橋本三石台,41000974,ハウズ大阪南,5月,-,⚫︎,-,-,-,-,-,-,-,-,-,-
d7ee7c87-8d28-4bd6-bfe2-55d9582ce656,TEIKI-B9023C8F,RECEIVING,定期清掃Ⅰ,定期清掃Ⅰ,33000.0,12,シャトールメール,41001314,ハウズ大阪南,2026.9月開始,⚫︎,⚫︎,⚫︎,⚫︎,⚫︎,⚫︎,⚫︎,⚫︎,⚫︎,⚫︎,⚫︎,⚫︎
910a959e-cbf4-4046-a04d-f15574e6d502,TEIKI-1C46D2C3,RECEIVING,定期清掃Ⅱ,定期清掃Ⅱ,149000.0,1,シャトールメール,41001314,ハウズ大阪南,2026.11月開始,-,-,-,-,-,-,-,⚫︎,-,-,-,-
c0fb578b-c8e9-4913-89f5-96f554854011,TEIKI-136025B4,RECEIVING,定期清掃,定期清掃,44033.0,12,森の宮ハイツ,41000002,ハウズ大阪,水曜のみ　　9－7：00,⚫︎,⚫︎,⚫︎,⚫︎,⚫︎,⚫︎,⚫︎,⚫︎,⚫︎,⚫︎,⚫︎,⚫︎
2ab0e7c6-90bd-479e-a552-852dfbb4b2cc,TEIKI-5A93D482,RECEIVING,特別清掃,特別清掃,10800.0,4,森の宮ハイツ,41000002,ハウズ大阪,"水曜のみ　　9－7：00
3.6.9.12→1.4.7.10へＨ29.10～",⚫︎,-,-,⚫︎,-,-,⚫︎,-,-,⚫︎,-,-
22d5a63d-9a20-42e2-91d0-ffac4f09677f,TEIKI-02B127B0,RECEIVING,年末特別清掃,年末特別清掃,55800.0,1,森の宮ハイツ,41000002,ハウズ大阪,水曜のみ　　9－7：00,-,-,-,-,-,-,-,-,⚫︎,-,-,-
a8452da3-a82d-4457-9f72-0502ba60b12e,TEIKI-CC4219EE,RECEIVING,定期清掃,定期清掃,8000.0,2,パークハイツ千島,41000003,ハウズ大阪,"午前中希望管理人様16：00まで
Ｈ31.6より",-,-,⚫︎,-,-,-,-,-,⚫︎,-,-,-
09993994-45de-4448-87b5-3a762f1d7049,TEIKI-8DFFBFE0,RECEIVING,定期清掃,定期清掃,51000.0,3,パークプラザ鶴見,41000016,ハウズ大阪,"金曜日×2025.8.12月作業無し
お知らせ気をつける（エントランス・各階ＥＶ前・内階段他）",⚫︎,-,-,-,⚫︎,-,-,-,⚫︎,-,-,-
31cd6f80-a468-4254-b60c-4cfc662d10bb,TEIKI-7B86D9A8,RECEIVING,定期清掃,定期清掃,60000.0,6,パークプラザ野田,41000017,ハウズ大阪,"（水土×）月火木金
2023.12月より金額訂正仕様変更偶数月",⚫︎,-,⚫︎,-,⚫︎,-,⚫︎,-,⚫︎,-,⚫︎,-
b26dfcff-7ba7-40b0-830c-c872bc5262e2,TEIKI-6B24699F,RECEIVING,特別清掃,特別清掃,64000.0,1,パークプラザ野田,41000017,ハウズ大阪,"（水土×）月火木金
ｈ30.12より34200－34000へ",-,-,-,-,-,-,-,-,⚫︎,-,-,-
a528554e-47ea-4e02-8c62-8de58f3c0c52,TEIKI-39DA9865,RECEIVING,定期清掃,定期清掃,48000.0,1,シャンティー森小路,41000037,ハウズ大阪,6月年1回へ2023年より,-,-,⚫︎,-,-,-,-,-,-,-,-,-
c752ca19-ab40-49fb-887a-e105ccdc743b,TEIKI-0BFDB032,RECEIVING,定期清掃,定期清掃,21000.0,3,ニューライフ大手前,41000046,ハウズ大阪,火木土希望　　2024.8月～,⚫︎,-,-,-,⚫︎,-,-,-,⚫︎,-,-,-
a79d46c6-6ad0-410f-900a-3081226b0772,TEIKI-C42724D4,RECEIVING,定期清掃,定期清掃,39000.0,1,ニューライフ本町,41000049,ハウズ大阪,2024.12月～,-,-,-,-,-,-,-,-,⚫︎,-,-,-
feabeb35-3a3e-4ae9-b2cc-5e001b109540,TEIKI-D6EB93C8,RECEIVING,定期清掃,定期清掃,21000.0,4,ニューライフ大手前参番館,41000060,ハウズ大阪,2024.6月～,-,-,⚫︎,-,-,⚫︎,-,-,⚫︎,-,-,⚫︎
168909a4-da42-4fbf-9241-9a1276ed5524,TEIKI-4EE3B48F,RECEIVING,定期清掃,定期清掃,20000.0,6,緑橋ピアガーデンズ,41000068,ハウズ大阪,（15時まで）,⚫︎,-,⚫︎,-,⚫︎,-,⚫︎,-,⚫︎,-,⚫︎,-
908a5a3a-1bd0-4245-bd8c-1a4e85e58214,TEIKI-924FC81B,RECEIVING,定期清掃,定期清掃,43000.0,6,パラッシオ萱島,41000071,ハウズ大阪,2019.7～,⚫︎,-,⚫︎,-,⚫︎,-,⚫︎,-,⚫︎,-,⚫︎,-
dd60a66a-2082-4290-b0e9-9da60ba4c5b4,TEIKI-55906637,RECEIVING,特別清掃,特別清掃,30000.0,1,パラッシオ萱島,41000071,ハウズ大阪,,-,-,-,-,-,-,-,-,⚫︎,-,-,-
0427f1df-c9c0-4410-ba68-ee7b3c7a6409,TEIKI-50D9EB3E,RECEIVING,定期清掃,定期清掃,39000.0,2,パラツィーナ弁天町,41000072,ハウズ大阪,2024.6月～,-,-,⚫︎,-,-,-,-,-,⚫︎,-,-,-
e5fa0412-adba-4f71-b7c9-77510bba5218,TEIKI-10C484DE,RECEIVING,定期清掃,定期清掃,59000.0,4,ノバカネイチ阿波座Ⅱ番館,41000216,ハウズ大阪,月末希望　2024.10月～,-,⚫︎,-,-,⚫︎,-,-,⚫︎,-,-,⚫︎,-
16b30c15-7a69-4d72-bf2e-545b356e5c37,TEIKI-8F1D882D,RECEIVING,定期清掃,定期清掃,20900.0,6,コスモハイツ新大宮,41000247,ハウズ大阪,Ｈ29.10.12月は作業中止,⚫︎,-,⚫︎,-,⚫︎,-,⚫︎,-,⚫︎,-,⚫︎,-
3f75ee33-f71c-4b09-94f8-3929fd6deb5d,TEIKI-3530425B,RECEIVING,定期清掃,定期清掃,43092.0,3,八尾山本レックスマンション,41000259,ハウズ大阪,"3.7.11月→7.9.12月へ臨時変更火曜日×
先方が日程連絡あり山本課長より）Ｈ31.6月まで工事の為次回7月下旬。9月下旬。12月中頃で計3回であわす",-,-,-,⚫︎,-,-,-,⚫︎,-,-,-,⚫︎
d04472a2-a695-45d5-b1a8-f97a664cc731,TEIKI-CC158BEC,RECEIVING,定期清掃,定期清掃,36470.0,6,アンビエント枚方公園,41000287,ハウズ大阪,,⚫︎,-,⚫︎,-,⚫︎,-,⚫︎,-,⚫︎,-,⚫︎,-
a1ef6371-431e-444b-b9af-dc1046f0c8c8,TEIKI-4930F098,RECEIVING,特別清掃（集会室）,特別清掃（集会室）,0.0,1,アンビエント枚方公園,41000287,ハウズ大阪,定期清掃の請求に含む,⚫︎,-,-,-,-,-,-,-,-,-,-,-
4d65b3a4-7a79-421b-9d02-d6d893f42f1c,TEIKI-D75510EA,RECEIVING,定期清掃,定期清掃,40000.0,4,プランメゾン八尾,41000297,ハウズ大阪,"火曜日×
2022.5.7.9月で作業➡2023より5.8.11.2月",-,⚫︎,-,-,⚫︎,-,-,⚫︎,-,-,⚫︎,-
46883de5-caa7-4dbe-a8e6-756136815af7,TEIKI-ACC4A6C1,RECEIVING,定期清掃,定期清掃,26000.0,2,シャンティーあやめ池,41000336,ハウズ大阪,"水曜日以外
2021.8月より年3回（4.8.12）→2回（2.8月）",-,-,-,-,⚫︎,-,-,-,-,-,⚫︎,-
d7e92dad-f688-4570-98dd-27e8c03050b3,TEIKI-65660A60,RECEIVING,定期清掃,定期清掃,35910.0,3,プランメゾン八尾Ⅱ番館,41000337,ハウズ大阪,作業月変更年6→3回（4.8.12）,⚫︎,-,-,-,⚫︎,-,-,-,⚫︎,-,-,-
38c33f00-9145-4ebd-abb5-0391b37926e4,TEIKI-EAD619AB,RECEIVING,定期清掃,定期清掃,21000.0,4,ロイヤルスクウェア福島,41000411,ハウズ大阪,"（木曜×）
5.8.11.2年4回",-,⚫︎,-,-,⚫︎,-,-,⚫︎,-,-,⚫︎,-
0c4d9401-949b-4d1f-811b-a32cd989486e,TEIKI-723D3A8F,RECEIVING,定期清掃,定期清掃,21900.0,1,シーズ森ノ宮南,41000418,ハウズ大阪,,-,-,-,-,-,-,-,-,⚫︎,-,-,-
32605972-0265-4675-90f5-3c61271ace5b,TEIKI-6B46E403,RECEIVING,定期清掃,定期清掃,81225.0,3,アドリーム交野,41000476,ハウズ大阪,"（ホワイトボード）
偶数月→4.8.12月（年3回へ）Ｈ30.12月より",⚫︎,-,-,-,⚫︎,-,-,-,⚫︎,-,-,-
81829e7a-10f0-4b33-b879-33235ed255b0,TEIKI-69369C54,RECEIVING,定期清掃,定期清掃,94692.0,6,コムズシティ野江団地,41000492,ハウズ大阪,水木,-,⚫︎,-,⚫︎,-,⚫︎,-,⚫︎,-,⚫︎,-,⚫︎
6f04e5d4-0113-4fc1-854d-fc819fc88bd7,TEIKI-86B86B5A,RECEIVING,定期清掃,定期清掃,52048.0,6,コムズシティ野江Ａ棟,41000493,ハウズ大阪,金曜×,⚫︎,-,⚫︎,-,⚫︎,-,⚫︎,-,⚫︎,-,⚫︎,-
35aa2121-45c7-44e0-a72a-e0b9aa0331a0,TEIKI-098056DC,RECEIVING,定期清掃,定期清掃,40000.0,3,コムズシティ野江Ｂ棟,41000494,ハウズ大阪,2020.9月より変更,-,⚫︎,-,-,-,⚫︎,-,-,-,⚫︎,-,-
92632f6d-9146-45f8-a0c4-8a91bae58c5f,TEIKI-47254BBF,RECEIVING,定期清掃,定期清掃,70000.0,4,セレナハイム新大宮セントラルステージ,41000537,ハウズ大阪,,-,⚫︎,-,-,⚫︎,-,-,⚫︎,-,-,⚫︎,-
2ef7d117-f66e-45b6-b16d-0a6e7b0f167f,TEIKI-EB98EAB3,RECEIVING,定期清掃,定期清掃,27000.0,6,セレッソコート与力町公園アーバンズ,41000551,ハウズ大阪,"（木曜×）
Ｈ30.4月～",⚫︎,-,⚫︎,-,⚫︎,-,⚫︎,-,⚫︎,-,⚫︎,-
d745fd5a-8d9e-4fcf-856d-e0bba42f7739,TEIKI-0FAD2A31,RECEIVING,定期清掃,定期清掃,30000.0,2,セレッソコート四天王寺夕陽ヶ丘,41000636,ハウズ大阪,作業確認,-,-,-,⚫︎,-,-,-,-,-,⚫︎,-,-
a1a755db-6f09-4fa4-a67f-1bd00a7bb9a8,TEIKI-C5C45E3F,RECEIVING,定期清掃,定期清掃,88749.0,2,ダイアパレス枚方山田池公園,41000650,ハウズ大阪,（月水木）,-,-,-,-,⚫︎,-,-,-,-,-,⚫︎,-
b6958b1e-868b-4fa3-9e89-e591a608180d,TEIKI-686BBB2C,RECEIVING,特別清掃,特別清掃,38000.0,1,ダイアパレス枚方山田池公園,41000650,ハウズ大阪,（月水木）,-,-,-,-,-,-,-,-,-,-,⚫︎,-
5cfa2db1-a39d-45dd-b6ef-daceb8d74a5b,TEIKI-97BAD371,RECEIVING,定期清掃,定期清掃,50000.0,6,西長堀パーク・ホームズ,41000686,ハウズ大阪,火曜×　　2024.6月～,⚫︎,-,⚫︎,-,⚫︎,-,⚫︎,-,⚫︎,-,⚫︎,-
131d318f-fb38-413f-bfb6-8cf656bb1af6,TEIKI-16AB59B6,RECEIVING,特別清掃,特別清掃,21000.0,1,西長堀パーク・ホームズ,41000686,ハウズ大阪,火曜×　　2024.6月～,-,-,-,-,-,-,-,-,⚫︎,-,-,-
028b7ed3-3652-4d3c-9663-226fe5a898fb,TEIKI-8DE68253,RECEIVING,定期清掃,定期清掃,55156.0,3,ディアステージ小阪,41000714,ハウズ大阪,"（月水木は8－15・火10／17・金9－16：00）
Ｈ29.4月より年3回へ4.8.12",⚫︎,-,-,-,⚫︎,-,-,-,⚫︎,-,-,-
8f1fbdaf-72d8-44c0-aeb9-302d23926a64,TEIKI-1592535E,RECEIVING,定期清掃,定期清掃,250000.0,3,コムズシティ野江Ｃ棟,41000762,ハウズ大阪,"（報告書に管理事務所入れる）
奇数月→4.8.12年3回へ変更になりました。",⚫︎,-,-,-,⚫︎,-,-,-,⚫︎,-,-,-
702f0592-01ee-45dd-9055-9fcc416bf647,TEIKI-04A872FE,RECEIVING,定期清掃 2,定期清掃,348000.0,1,コムズシティ野江Ｄ棟,41000763,ハウズ大阪,"2023.6月￥348000
2021.6月あり（2021.6大規模の為作業なし）",-,-,⚫︎,-,-,-,-,-,-,-,-,-
7a3977dc-98b2-4f05-b5f4-fb2188d76f7d,TEIKI-18F00088,RECEIVING,定期清掃,定期清掃,30000.0,2,プロパレス南巽サンパティーク,41000813,ハウズ大阪,,-,-,-,⚫︎,-,-,-,-,-,⚫︎,-,-
ef520efa-b963-4df6-9f73-09c948069f01,TEIKI-91CDC9E8,RECEIVING,定期清掃,定期清掃,55575.0,12,南門真ハイライフ,41000830,ハウズ大阪,,⚫︎,⚫︎,⚫︎,⚫︎,⚫︎,⚫︎,⚫︎,⚫︎,⚫︎,⚫︎,⚫︎,⚫︎
d13ce720-6e2a-43a4-8dd2-0e14eb8dacbc,TEIKI-66FC0C92,RECEIVING,特別清掃（共用照明器具・ガラス）,特別清掃（共用照明器具・ガラス）,76500.0,2,南門真ハイライフ,41000830,ハウズ大阪,特別清掃（共用照明器具・ガラス）項目入力する,-,-,⚫︎,-,-,-,-,-,⚫︎,-,-,-
436e7937-4b29-4f17-b7b8-d8f7e9ae76f2,TEIKI-65F65FA1,RECEIVING,特別清掃（各階外廊下）,特別清掃（各階外廊下）,190665.0,3,南門真ハイライフ,41000830,ハウズ大阪,特別清掃（各階外廊下）項目入力する,⚫︎,-,-,-,⚫︎,-,-,-,⚫︎,-,-,-
ffa667fb-5ed6-45d4-8f6e-92b7a4592ee0,TEIKI-2C535ACB,RECEIVING,定期清掃,定期清掃,39000.0,3,プロパレス千林大宮レチェンテ,41000832,ハウズ大阪,2024.9月～,-,⚫︎,-,-,-,⚫︎,-,-,-,⚫︎,-,-
a94a0703-6e86-4f2c-98fa-1fc07030a485,TEIKI-616CDA9F,RECEIVING,定期清掃,定期清掃,49590.0,2,ジュエリアス枚方光善寺,41000893,ハウズ大阪,2.5.8.11→5.11へ（Ｈ31.5月より）,-,⚫︎,-,-,-,-,-,⚫︎,-,-,-,-
ed83cd1f-db1d-44ea-b0df-a48702151e06,TEIKI-8D2A0CCD,RECEIVING,定期清掃,定期清掃,14000.0,2,シーズ天王寺真田山,41000902,ハウズ大阪,2024.10月～,⚫︎,-,-,-,-,-,⚫︎,-,-,-,-,-
ab656105-3a26-4ada-9d37-e1749221a278,TEIKI-EE7FBB12,RECEIVING,定期清掃 1,定期清掃,300000.0,4,淀屋橋アップルタワーレジデンス,41000906,ハウズ大阪,"2024.7月～
工事作業無し",⚫︎,-,-,⚫︎,-,-,⚫︎,-,-,⚫︎,-,-
880e652c-8172-47bc-990e-1006be3acaea,TEIKI-8E4C2308,RECEIVING,定期清掃 2,定期清掃,240000.0,1,淀屋橋アップルタワーレジデンス,41000906,ハウズ大阪,"2024.10月～
工事作業無し",-,-,-,-,-,-,⚫︎,-,-,-,-,-
f88b2bc4-57d6-488f-9431-5b69c0c8a49a,TEIKI-F3BE0EBB,RECEIVING,定期清掃,定期清掃,40000.0,2,ハイマート夕陽ヶ丘　　火水金,41000918,ハウズ大阪,マルク,-,-,-,⚫︎,-,-,-,-,⚫︎,-,-,-
4ebf9a86-e061-475b-b72e-d380ba414770,TEIKI-663D9F0B,RECEIVING,定期清掃6.12月,定期清掃6.12月,42750.0,2,プロパレス寝屋川フェルティール,41000930,ハウズ大阪,,-,-,⚫︎,-,-,-,-,-,⚫︎,-,-,-
92d358f9-d790-40a3-9a10-f45b2bef14a9,TEIKI-ABCBD279,RECEIVING,定期清掃,定期清掃,33000.0,3,セレッソコート梅田リーベンシティ,41000959,ハウズ大阪,火曜日指定　自社,-,-,-,⚫︎,-,-,-,⚫︎,-,-,-,⚫︎
4c25096c-6d3c-4e81-bbdc-f0c73b571167,TEIKI-211558CB,RECEIVING,特別清掃Ⅰ,特別清掃Ⅰ,1800.0,2,セレッソコート梅田リーベンシティ,41000959,ハウズ大阪,"火曜日指定　自社
管理室",-,-,-,-,-,-,-,⚫︎,-,-,-,⚫︎
1712d67f-026b-433d-b536-9c90002b53e8,TEIKI-F571EF0F,RECEIVING,特別清掃Ⅱ,特別清掃Ⅱ,1200.0,1,セレッソコート梅田リーベンシティ,41000959,ハウズ大阪,"火曜日指定　自社
管理室内トイレ",-,-,-,-,-,-,-,⚫︎,-,-,-,-
c3ed9475-5466-4542-bc21-8c113c4cd8e2,TEIKI-43E130E9,RECEIVING,定期清掃,定期清掃,43000.0,2,朝日プラザ高津Ⅲ,41001116,ハウズ大阪,年2回3.9月,-,-,-,-,-,⚫︎,-,-,-,-,-,⚫︎
d9e635a8-c82f-4d8f-9661-5fe1a1be916c,TEIKI-8A61E170,RECEIVING,定期清掃,定期清掃,36000.0,2,プレサンス西長堀パークプレイス,41001121,ハウズ大阪,（水土×）,-,⚫︎,-,-,-,-,-,⚫︎,-,-,-,-
d6541c0b-856c-4554-ab1e-c01afd7d8a8a,TEIKI-BBFC4F96,RECEIVING,定期清掃,定期清掃,43000.0,3,リベ・グラート平城山ステーションフロント,41001154,ハウズ大阪,,⚫︎,-,-,-,⚫︎,-,-,-,⚫︎,-,-,-
da182df6-1ab0-4da4-b7a3-1ed586737934,TEIKI-EDCD30E6,RECEIVING,定期清掃,定期清掃,220000.0,1,京橋南コーポ,41001170,ハウズ大阪,7月➡12月へ変更になりました。（ＨＺ小森様より）,-,-,-,-,-,-,-,-,⚫︎,-,-,-
66cbee39-e3ed-4497-9c2c-4bdae1b39a46,TEIKI-0BAD8FF2,RECEIVING,定期清掃Ⅰ,定期清掃Ⅰ,13000.0,3,ダイアパレス南森町,41001200,ハウズ大阪,"（エントランス）
2026.10～年4回➡年3回へ2.6.10月",-,-,⚫︎,-,-,-,⚫︎,-,-,-,⚫︎,-
a24a235f-0def-4385-9d9c-4864decf50df,TEIKI-5DF075A2,RECEIVING,定期清掃Ⅱ,定期清掃Ⅱ,27000.0,2,ダイアパレス南森町,41001200,ハウズ大阪,"（ＥＶホール）
2.6月",-,-,⚫︎,-,-,-,-,-,-,-,⚫︎,-
6505b0a3-6eac-44d2-b569-af90891c63f3,TEIKI-23291EF8,RECEIVING,定期清掃Ⅲ,定期清掃Ⅲ,30000.0,2,ダイアパレス南森町,41001200,ハウズ大阪,"（ガラス）
4.10月",⚫︎,-,-,-,-,-,⚫︎,-,-,-,-,-
b6437c9e-1eb9-4419-9731-0032d2a95356,TEIKI-B1E9FFA0,RECEIVING,定期清掃Ⅳ,定期清掃Ⅳ,35000.0,1,ダイアパレス南森町,41001200,ハウズ大阪,"（剥離）
10月",-,-,-,-,-,-,⚫︎,-,-,-,-,-
7b23beff-a04f-40d3-93c1-18763b23b650,TEIKI-87F10995,RECEIVING,定期清掃,定期清掃,43000.0,4,レジオン大阪城公園,41001237,ハウズ大阪,2024.8月～,-,⚫︎,-,-,⚫︎,-,-,⚫︎,-,-,⚫︎,-
5abbfc19-5e01-466d-b1cf-485d1b9c076f,TEIKI-8C94F409,RECEIVING,定期清掃,定期清掃,80000.0,6,クレアシティ布施,41001274,ハウズ大阪,"（木以外）
年6偶数月（Ｈ28.6月よりコミュニティー請求）特掃ＨＺ請求",⚫︎,-,⚫︎,-,⚫︎,-,⚫︎,-,⚫︎,-,⚫︎,-
3cefabcf-8600-49af-a252-4cfdc3f35756,TEIKI-1A2BD5DC,RECEIVING,定期清掃,定期清掃,30000.0,2,ネオハイツ生駒,41001285,ハウズ大阪,,-,⚫︎,-,-,-,-,-,⚫︎,-,-,-,-
bcac947a-d4bd-4e8e-ad04-bee80aaf59c8,TEIKI-63312845,RECEIVING,定期清掃,定期清掃,22000.0,2,ニューハイツ幸町,41001289,ハウズ大阪,,-,-,-,-,⚫︎,-,-,-,-,-,⚫︎,-
c347ecba-aa11-4bf4-b609-eaad0c56cb2a,TEIKI-389DE0FB,RECEIVING,定期清掃,定期清掃,48000.0,3,京橋第2コーポ,41001397,ハウズ大阪,,-,-,-,⚫︎,-,-,-,⚫︎,-,-,-,⚫︎
89a5eabe-1887-4c74-a67c-7d7b4190e099,TEIKI-46A198D6,RECEIVING,定期清掃,定期清掃,22000.0,12,小阪パークハイツ,41001405,ハウズ大阪,"（第三土曜理事会前の木曜日）
2019.7月～",⚫︎,⚫︎,⚫︎,⚫︎,⚫︎,⚫︎,⚫︎,⚫︎,⚫︎,⚫︎,⚫︎,⚫︎
7b9a322c-5099-4be0-8cb5-254c5575cb69,TEIKI-3E4BE234,RECEIVING,定期清掃,定期清掃,20000.0,4,都島パークホームズ,41001425,ハウズ大阪,"年1回剥離あり　自社作業
アプローチ．エントランス．風除湿　2027.1開始",⚫︎,-,-,⚫︎,-,-,⚫︎,-,-,⚫︎,-,-
4a85985a-5b6e-4bc7-b202-4521da0a96ce,TEIKI-9ABD3809,RECEIVING,定期清掃Ⅰ,定期清掃Ⅰ,52000.0,3,エルザグレース堀江タワー,41001470,ハウズ大阪,マルク,-,-,⚫︎,-,-,⚫︎,-,-,⚫︎,-,-,-
c4595911-5669-4771-b62e-a819776111d7,TEIKI-EAFE972E,RECEIVING,定期清掃Ⅱ,定期清掃Ⅱ,60000.0,2,エルザグレース堀江タワー,41001470,ハウズ大阪,マルク,-,-,⚫︎,-,-,-,-,-,⚫︎,-,-,-
feba6321-85f0-4ee0-bbbb-5d25e536c946,TEIKI-F05B60F3,RECEIVING,定期清掃Ⅳ,定期清掃Ⅳ,300000.0,1,エルザグレース堀江タワー,41001470,ハウズ大阪,マルク,-,-,-,-,-,-,-,-,⚫︎,-,-,-
f8e6b6be-87e7-4803-9aaf-ad7b8b71f467,TEIKI-E90A50B5,RECEIVING,定期清掃,定期清掃,34000.0,1,グランドシーズ心斎橋Ⅲ,41001486,ハウズ大阪,,-,-,-,-,-,-,-,-,⚫︎,-,-,-
3ef1e5c5-e86d-439e-9fb3-686049aac369,TEIKI-890DDB93,RECEIVING,定期清掃,定期清掃,30000.0,1,グランドシーズ心斎橋,41001493,ハウズ大阪,,-,-,-,⚫︎,-,-,-,-,-,-,-,-
fa732616-19d0-4f77-88e7-1a7bdcab49b3,TEIKI-B79677CD,RECEIVING,定期清掃Ⅰ,定期清掃Ⅰ,116000.0,4,ライラ大和田,41001499,ハウズ大阪,2021.8月開始,-,⚫︎,-,-,⚫︎,-,-,⚫︎,-,-,⚫︎,-
f3ab2a34-234c-433c-b2cb-1093ef09414f,TEIKI-1A4B6DBB,RECEIVING,定期清掃Ⅱ,定期清掃Ⅱ,15000.0,2,ライラ大和田,41001499,ハウズ大阪,2021.11月開始,-,⚫︎,-,-,-,-,-,⚫︎,-,-,-,-
6a876d41-a78f-4111-b007-f71e15b2ecf9,TEIKI-99F515D6,RECEIVING,定期清掃,定期清掃,45000.0,3,セレッソコート真田山アクティア,41001579,ハウズ大阪,月木×,⚫︎,-,-,-,⚫︎,-,-,-,⚫︎,-,-,-
a3874259-977c-4c3b-affc-fd00fe4064bc,TEIKI-7A68D765,RECEIVING,定期清掃,定期清掃,45000.0,2,ル・グランデ上町台,41001590,ハウズ大阪,2023.12月より,-,-,⚫︎,-,-,-,-,-,⚫︎,-,-,-
28cd3aa9-1f71-4ae1-bfb9-0f7387daba81,TEIKI-AC857CA1,RECEIVING,定期清掃,定期清掃,48000.0,2,ル・グランデ梅田東,41001599,ハウズ大阪,,-,-,-,-,⚫︎,-,-,-,-,-,⚫︎,-
4cb353e3-dee3-4da8-b95b-ae0262645743,TEIKI-CDB4C5FC,RECEIVING,定期清掃,定期清掃,0.0,2,グランドシーズ大正,41001601,ハウズ大阪,2023.12開始,-,-,⚫︎,-,-,-,-,-,⚫︎,-,-,-
74a940a1-0542-4f01-bc61-ffeee6c76f02,TEIKI-C307828B,RECEIVING,定期清掃,定期清掃,50000.0,3,ル・グランデ城東中央,41001604,ハウズ大阪,,-,-,⚫︎,-,-,-,⚫︎,-,-,-,⚫︎,-
160d6ea8-9b0d-48d4-a682-aee694cae061,TEIKI-CA33B525,RECEIVING,定期清掃Ｉ,定期清掃Ｉ,37000.0,12,ダイアパレス西天満,41001610,ハウズ大阪,第2土曜,⚫︎,⚫︎,⚫︎,⚫︎,⚫︎,⚫︎,⚫︎,⚫︎,⚫︎,⚫︎,⚫︎,⚫︎
7a837418-e137-44d0-b85d-4b1be746e23c,TEIKI-A7A999FD,RECEIVING,定期清掃Ⅱ,定期清掃Ⅱ,10000.0,1,ダイアパレス西天満,41001610,ハウズ大阪,第2土曜,-,-,-,-,-,-,⚫︎,-,-,-,-,-
8c33f4df-0d7a-46d4-8ae9-74cfdd57d2df,TEIKI-0F80B7ED,RECEIVING,定期清掃,定期清掃,156000.0,6,朝日プラザキャストラン東大阪,41001618,ハウズ大阪,2024.8～,⚫︎,-,⚫︎,-,⚫︎,-,⚫︎,-,⚫︎,-,⚫︎,-
bbf3b6b0-e993-4aaf-b65c-11149a6358a5,TEIKI-80FC3CB9,RECEIVING,定期清掃,定期清掃,165000.0,2,コモンシティ星田ヴェルデコート,41001628,ハウズ大阪,,-,-,-,-,-,⚫︎,-,-,-,-,-,⚫︎
fca515fe-73c6-4751-a3c7-cbbed33d3842,TEIKI-6E308100,RECEIVING,定期清掃,定期清掃,201000.0,2,ライオンズ放出セントアリーナ,41001633,ハウズ大阪,,-,-,⚫︎,-,-,-,-,-,⚫︎,-,-,-
09fb8ff5-bb62-40cd-8610-9f6b980e5514,TEIKI-117D9BC3,RECEIVING,定期清掃,定期清掃,95000.0,4,朝日プラザ大宝,41001640,ハウズ大阪,2025.3月開始,-,-,⚫︎,-,-,⚫︎,-,-,⚫︎,-,-,⚫︎
848754ba-d038-44d5-a571-053a9c3cb82e,TEIKI-472FB820,RECEIVING,定期清掃,定期清掃,25200.0,6,ヴェルビュ枚方公園・菊ケ丘,45000816,ハウズ大阪,,⚫︎,-,⚫︎,-,⚫︎,-,⚫︎,-,⚫︎,-,⚫︎,-
3800b30e-db74-4076-ae2b-f0f7970a233e,TEIKI-CE13DBF4,RECEIVING,特別清掃,特別清掃,68400.0,3,ヴェルビュ枚方公園・菊ケ丘,45000816,ハウズ大阪,,⚫︎,-,-,-,⚫︎,-,-,-,⚫︎,-,-,-
97c3f732-3234-4333-8abb-b227d4df687f,TEIKI-A9F5C89C,RECEIVING,定期清掃,定期清掃,77000.0,3,ＮＯＶＡ菱屋西,41001679,ハウズ大阪,2026.3月～,-,-,-,-,⚫︎,-,-,⚫︎,-,-,-,⚫︎
8217f348-86a3-4bb8-a2cb-9037924032d7,TEIKI-DEBA3CBC,RECEIVING,定期清掃,定期清掃,74000.0,3,ニューライフ高麗橋,41001684,ハウズ大阪,2026.4月開始,⚫︎,-,-,-,⚫︎,-,-,-,⚫︎,-,-,-
c8bc61ff-420e-4745-b1f5-be5f5d82360f,TEIKI-0236B599,RECEIVING,定期清掃,定期清掃,108000.0,2,淀川リバーサイドタウン・エルベノームさくら15,41001689,ハウズ大阪,2026.9月開始,-,-,-,-,-,⚫︎,-,-,-,-,-,⚫︎
750109bf-f64c-4279-bf39-3b839619bbb0,TEIKI-2F5BE204,RECEIVING,定期清掃,定期清掃,79000.0,2,ヒューマンズ京橋壱番館,41001693,ハウズ大阪,2026.10月開始,⚫︎,-,-,-,-,-,⚫︎,-,-,-,-,-
7130717f-b807-405f-bcd1-6c24e3287c04,TEIKI-69DAD117,RECEIVING,定期清掃,定期清掃,25000.0,12,千里丘グランドハイツ,41000038,ハウズ大阪北,2025.9～毎月22000➡25000,⚫︎,⚫︎,⚫︎,⚫︎,⚫︎,⚫︎,⚫︎,⚫︎,⚫︎,⚫︎,⚫︎,⚫︎
bf978e0c-c670-4862-91ed-06fe4f04ab31,TEIKI-0C0670B7,RECEIVING,特別清掃（塵払い）1,特別清掃（塵払い）1,45000.0,1,千里丘グランドハイツ,41000038,ハウズ大阪北,,-,-,-,-,-,-,-,-,⚫︎,-,-,-
0bf7709d-2b03-4cf4-be5d-2336ef61806d,TEIKI-F975E1E4,RECEIVING,特別清掃Ⅱ（各階廊下階段）,特別清掃Ⅱ（各階廊下階段）,85000.0,4,千里丘グランドハイツ,41000038,ハウズ大阪北,"（自社（各階廊下階段）
Ｈ30.12あり",-,-,⚫︎,-,-,⚫︎,-,-,⚫︎,-,-,⚫︎
8db243e5-ee89-4ed0-aa1b-7508d6b0f15e,TEIKI-5C33B0B6,RECEIVING,定期清掃,定期清掃,23500.0,6,新大阪ホワイトハイツ,41000130,ハウズ大阪北,（毎月16以降で）9－16：30まで2025.10.12月中止,⚫︎,-,⚫︎,-,⚫︎,-,⚫︎,-,⚫︎,-,⚫︎,-
c0ace249-145c-42d5-933a-3ff78d0bcc37,TEIKI-CF30B04B,RECEIVING,特別清掃,特別清掃,15000.0,1,新大阪ホワイトハイツ,41000130,ハウズ大阪北,（毎月16以降で）9－16：30まで2025.12➡2026.2月へ,-,-,-,-,-,-,-,-,⚫︎,-,-,-
ceaf2e45-c450-4b23-8ae0-f12f11070912,TEIKI-F42BAC87,RECEIVING,定期清掃,定期清掃,26000.0,4,メゾンドール千里泉ヶ丘,41000190,ハウズ大阪北,,-,-,⚫︎,-,-,⚫︎,-,-,⚫︎,-,-,⚫︎
1391e617-9a51-4f7f-9644-d25eeb82332a,TEIKI-BD8644E1,RECEIVING,特別清掃,特別清掃,90000.0,1,メゾンドール千里泉ヶ丘,41000190,ハウズ大阪北,,-,-,-,-,-,-,-,-,⚫︎,-,-,-
ac1b6c84-f34f-471e-a725-d3debc6d1e41,TEIKI-7ADCE690,RECEIVING,定期清掃Ⅰ,定期清掃Ⅰ,14000.0,4,アンビエント千里山,41000313,ハウズ大阪北,,-,-,⚫︎,-,-,⚫︎,-,-,⚫︎,-,-,⚫︎
ea596566-d55c-4640-a65b-5feebb663113,TEIKI-B9833265,RECEIVING,定期清掃Ⅱ,定期清掃Ⅱ,25000.0,2,アンビエント千里山,41000313,ハウズ大阪北,,-,-,⚫︎,-,-,-,-,-,⚫︎,-,-,-
4ee34c29-0c21-4706-a52b-b6e23eda7339,TEIKI-C34D07EA,RECEIVING,定期清掃,定期清掃,39000.0,2,アンビエント桃山台,41000402,ハウズ大阪北,,-,⚫︎,-,-,-,-,-,⚫︎,-,-,-,-
07838fad-749b-4a89-8fac-532fda3cbdeb,TEIKI-908815DE,RECEIVING,定期清掃 2,定期清掃,22000.0,1,アービング池田桜通り,41000431,ハウズ大阪北,（月～土の午前中）,-,-,-,-,⚫︎,-,-,-,-,-,-,-
e78f7eb8-12a1-465d-9c16-d42cc996021b,TEIKI-B39F0BB4,RECEIVING,特別清掃Ⅰコミュニティルーム、灯具カバー,特別清掃Ⅰコミュニティルーム、灯具カバー,290000.0,1,日興千里台スカイタウン,41000459,ハウズ大阪北,,-,-,-,-,-,-,-,-,⚫︎,-,-,-
41deadae-1c86-4435-b068-4e2de34e7a78,TEIKI-6927DB1E,RECEIVING,特別清掃Ⅱ,特別清掃Ⅱ,380000.0,1,日興千里台スカイタウン,41000459,ハウズ大阪北,,-,-,-,-,-,-,-,-,⚫︎,-,-,-
7c58ebbd-c095-46c9-8206-5c7d64c05233,TEIKI-0953AED8,RECEIVING,定期清掃,定期清掃,16000.0,1,エーベル東園田Ⅱ番館,41000461,ハウズ大阪北,年1回．10月エントランスのみ　9－12：00,-,-,-,-,-,-,⚫︎,-,-,-,-,-
5ffcf29b-e07b-48e7-b383-7964108debdc,TEIKI-C194F2F7,RECEIVING,定期清掃Ⅰ,定期清掃Ⅰ,9000.0,6,南茨木駅前ハイタウンＡ棟,41000481,ハウズ大阪北,,⚫︎,-,⚫︎,-,⚫︎,-,⚫︎,-,⚫︎,-,⚫︎,-
ba9e58b5-05c4-4502-8df7-5d1c31c0cbf5,TEIKI-96844E7E,RECEIVING,定期清掃Ⅱ,定期清掃Ⅱ,9000.0,3,南茨木駅前ハイタウンＡ棟,41000481,ハウズ大阪北,,-,-,⚫︎,-,-,-,⚫︎,-,-,-,⚫︎,-
3eb2a29e-c6e0-4aa7-9bac-24f8caf1554b,TEIKI-886D9948,RECEIVING,定期清掃Ⅲ,定期清掃Ⅲ,9000.0,1,南茨木駅前ハイタウンＡ棟,41000481,ハウズ大阪北,,-,-,-,-,-,-,-,-,⚫︎,-,-,-
eceaa67a-2c57-4689-bad7-5013fc29feab,TEIKI-EB25AA6D,RECEIVING,定期清掃Ⅰ,定期清掃Ⅰ,12000.0,6,南茨木駅前ハイタウンＢ棟,41000482,ハウズ大阪北,,⚫︎,-,⚫︎,-,⚫︎,-,⚫︎,-,⚫︎,-,⚫︎,-
be632c4c-b87a-4cf3-bb74-2a2793b19e5d,TEIKI-5C8FD728,RECEIVING,定期清掃Ⅱ,定期清掃Ⅱ,12000.0,3,南茨木駅前ハイタウンＢ棟,41000482,ハウズ大阪北,,-,-,⚫︎,-,-,-,⚫︎,-,-,-,⚫︎,-
593fffe6-1027-4ddf-9aa6-ea3071d76edb,TEIKI-46E36131,RECEIVING,定期清掃Ⅲ,定期清掃Ⅲ,12000.0,1,南茨木駅前ハイタウンＢ棟,41000482,ハウズ大阪北,,-,-,-,-,-,-,-,-,⚫︎,-,-,-
c6e72c5e-c75c-4880-b43b-8c42468739e4,TEIKI-FFD8596C,RECEIVING,定期清掃Ⅰ,定期清掃Ⅰ,6500.0,6,南茨木駅前ハイタウンＣ棟,41000483,ハウズ大阪北,,⚫︎,-,⚫︎,-,⚫︎,-,⚫︎,-,⚫︎,-,⚫︎,-
68734d3f-59c6-4ab2-9961-d81035c0465b,TEIKI-AE67DFCB,RECEIVING,定期清掃Ⅱ,定期清掃Ⅱ,6500.0,3,南茨木駅前ハイタウンＣ棟,41000483,ハウズ大阪北,,-,-,⚫︎,-,-,-,⚫︎,-,-,-,⚫︎,-
f16e9e14-4e6f-4dd3-8a37-b66af46d5537,TEIKI-4A2BD0D2,RECEIVING,定期清掃Ⅲ,定期清掃Ⅲ,6500.0,1,南茨木駅前ハイタウンＣ棟,41000483,ハウズ大阪北,,-,-,-,-,-,-,-,-,⚫︎,-,-,-
bd9be85f-e198-4047-9838-f0db10f0f4a0,TEIKI-2FDCB820,RECEIVING,定期清掃Ⅰ,定期清掃Ⅰ,5000.0,6,南茨木駅前ハイタウンＤ棟,41000484,ハウズ大阪北,,⚫︎,-,⚫︎,-,⚫︎,-,⚫︎,-,⚫︎,-,⚫︎,-
f973dc17-27ff-4511-ba22-0923d9e45979,TEIKI-79A0AE38,RECEIVING,定期清掃Ⅱ,定期清掃Ⅱ,5000.0,3,南茨木駅前ハイタウンＤ棟,41000484,ハウズ大阪北,,-,-,⚫︎,-,-,-,⚫︎,-,-,-,⚫︎,-
f7a0e5b7-f91c-4f39-9a83-4b07f70df636,TEIKI-2F66E31C,RECEIVING,定期清掃Ⅲ,定期清掃Ⅲ,5000.0,1,南茨木駅前ハイタウンＤ棟,41000484,ハウズ大阪北,,-,-,-,-,-,-,-,-,⚫︎,-,-,-
e05a91af-79d6-4b4f-82a1-51931750618a,TEIKI-07EFB579,RECEIVING,定期清掃Ⅰ,定期清掃Ⅰ,2000.0,6,南茨木駅前ハイタウンＦ棟,41000485,ハウズ大阪北,,⚫︎,-,⚫︎,-,⚫︎,-,⚫︎,-,⚫︎,-,⚫︎,-
8780c885-78af-4220-b223-8755fa45cfe6,TEIKI-E621E3B8,RECEIVING,定期清掃Ⅱ,定期清掃Ⅱ,7980.0,1,南茨木駅前ハイタウンＦ棟,41000485,ハウズ大阪北,,-,-,-,-,-,-,-,-,⚫︎,-,-,-
7e5b5d63-5703-4975-a077-26faab8494eb,TEIKI-F8828D9F,RECEIVING,定期清掃Ⅰ,定期清掃Ⅰ,4100.0,6,南茨木駅前ハイタウンＧ棟,41000486,ハウズ大阪北,,⚫︎,-,⚫︎,-,⚫︎,-,⚫︎,-,⚫︎,-,⚫︎,-
49e51229-35d6-4a8e-9b1b-fdb2d642c04c,TEIKI-F86F7630,RECEIVING,定期清掃Ⅱ,定期清掃Ⅱ,4100.0,3,南茨木駅前ハイタウンＧ棟,41000486,ハウズ大阪北,,⚫︎,-,-,-,⚫︎,-,-,-,⚫︎,-,-,-
c678ac1a-72e1-4536-9c8a-a5f0e23a2800,TEIKI-8804CA71,RECEIVING,定期清掃Ⅲ,定期清掃Ⅲ,4100.0,1,南茨木駅前ハイタウンＧ棟,41000486,ハウズ大阪北,,-,-,-,-,-,-,-,-,⚫︎,-,-,-
3285387c-3f98-4d4a-8b9c-1b170561218a,TEIKI-642D0D1C,RECEIVING,定期清掃Ⅰ,定期清掃Ⅰ,8920.0,6,南茨木駅前ハイタウンＨ棟,41000487,ハウズ大阪北,,⚫︎,-,⚫︎,-,⚫︎,-,⚫︎,-,⚫︎,-,⚫︎,-
00c481e7-7542-4bee-9413-5156171458ce,TEIKI-CB6CF2DD,RECEIVING,定期清掃Ⅱ,定期清掃Ⅱ,8920.0,3,南茨木駅前ハイタウンＨ棟,41000487,ハウズ大阪北,,⚫︎,-,-,-,⚫︎,-,-,-,⚫︎,-,-,-
6131d03d-56fc-47dd-a231-c681f93b8d0d,TEIKI-FB7E5658,RECEIVING,定期清掃Ⅲ,定期清掃Ⅲ,8920.0,1,南茨木駅前ハイタウンＨ棟,41000487,ハウズ大阪北,,-,-,-,-,-,-,-,-,⚫︎,-,-,-
ece59ea5-3b78-434c-9a82-274b4a51f939,TEIKI-C85F34A3,RECEIVING,定期清掃Ⅰ,定期清掃Ⅰ,5300.0,6,南茨木駅前ハイタウンＩ棟,41000488,ハウズ大阪北,,⚫︎,-,⚫︎,-,⚫︎,-,⚫︎,-,⚫︎,-,⚫︎,-
8c5e8c3d-4308-4c7f-baff-e51837f00a64,TEIKI-8FCFB127,RECEIVING,定期清掃Ⅱ,定期清掃Ⅱ,5300.0,3,南茨木駅前ハイタウンＩ棟,41000488,ハウズ大阪北,,⚫︎,-,-,-,⚫︎,-,-,-,⚫︎,-,-,-
86ebe6b9-1879-4bce-82ac-06432a15e152,TEIKI-96955CDF,RECEIVING,定期清掃Ⅲ,定期清掃Ⅲ,5300.0,1,南茨木駅前ハイタウンＩ棟,41000488,ハウズ大阪北,,-,-,-,-,-,-,-,-,⚫︎,-,-,-
c66c8a5e-0abe-46f9-bb4b-8c35c3f3e301,TEIKI-2A5D48E0,RECEIVING,定期清掃Ⅰ,定期清掃Ⅰ,6500.0,6,南茨木駅前ハイタウンＪ棟,41000489,ハウズ大阪北,,⚫︎,-,⚫︎,-,⚫︎,-,⚫︎,-,⚫︎,-,⚫︎,-
350ed2f3-6d97-4e9d-977b-1e90906a1d9e,TEIKI-1BB73FED,RECEIVING,定期清掃Ⅱ,定期清掃Ⅱ,6500.0,3,南茨木駅前ハイタウンＪ棟,41000489,ハウズ大阪北,,⚫︎,-,-,-,⚫︎,-,-,-,⚫︎,-,-,-
c294dc49-b42f-4489-848c-db022a144948,TEIKI-26C18FD1,RECEIVING,定期清掃Ⅲ,定期清掃Ⅲ,6500.0,1,南茨木駅前ハイタウンＪ棟,41000489,ハウズ大阪北,,-,-,-,-,-,-,-,-,⚫︎,-,-,-
e9cc6356-987b-49d6-b247-25633ece7dd6,TEIKI-E14AE64E,RECEIVING,定期清掃Ⅰ,定期清掃Ⅰ,10500.0,6,南茨木駅前ハイタウンＫ棟,41000490,ハウズ大阪北,,⚫︎,-,⚫︎,-,⚫︎,-,⚫︎,-,⚫︎,-,⚫︎,-
5a862e52-6825-43dc-9b7f-581e61598433,TEIKI-A1EE6BDF,RECEIVING,定期清掃Ⅱ,定期清掃Ⅱ,10500.0,3,南茨木駅前ハイタウンＫ棟,41000490,ハウズ大阪北,,⚫︎,-,-,-,⚫︎,-,-,-,⚫︎,-,-,-
f7a7336b-bd6f-42ce-8fb3-b90ffa9d4cd4,TEIKI-26EB402C,RECEIVING,定期清掃Ⅲ,定期清掃Ⅲ,10500.0,1,南茨木駅前ハイタウンＫ棟,41000490,ハウズ大阪北,,-,-,-,-,-,-,-,-,⚫︎,-,-,-
321cfc59-73be-44c8-8c4d-215706ef1141,TEIKI-C6D8EFDE,RECEIVING,定期清掃,定期清掃,32000.0,4,アズソート宝塚,41000516,ハウズ大阪北,（火曜日以外）,-,-,⚫︎,-,-,⚫︎,-,-,⚫︎,-,-,⚫︎
acfd9f7c-db37-4650-a1b5-d6fa98c0862e,TEIKI-66B24800,RECEIVING,定期清掃,定期清掃,85000.0,4,コムズシティ箕面,41000524,ハウズ大阪北,（月～木）金曜×,-,-,⚫︎,-,-,⚫︎,-,-,⚫︎,-,-,⚫︎
fa8ec502-dd97-408f-b609-56a274cd3f5c,TEIKI-9011CC84,RECEIVING,定期清掃,定期清掃,25000.0,2,ＴＡＴディナスティ茨木大池,41000525,ハウズ大阪北,（日程管理人へ連絡）,-,-,-,-,-,⚫︎,-,-,-,-,-,⚫︎
62c2dce4-9fbb-458b-a39f-93212e892587,TEIKI-E67ED6E4,RECEIVING,定期清掃,定期清掃,28500.0,12,ロイヤルハイツ千里中央,41000565,ハウズ大阪北,（第3水曜指定）,⚫︎,⚫︎,⚫︎,⚫︎,⚫︎,⚫︎,⚫︎,⚫︎,⚫︎,⚫︎,⚫︎,⚫︎
760b6f89-3576-4a88-9ee2-9f8a4a081633,TEIKI-42554901,RECEIVING,定期清掃,定期清掃,24000.0,2,ワコーレ立花ソフィール,41000604,ハウズ大阪北,9：30～,-,-,-,-,-,⚫︎,-,-,-,-,-,⚫︎
81a55ccc-25fc-4cb0-aaad-5ccdb208f38a,TEIKI-76BE344D,RECEIVING,定期清掃,定期清掃,30000.0,2,ディナスティ池田桃園,41000613,ハウズ大阪北,,-,-,-,-,⚫︎,-,-,-,-,-,⚫︎,-
42f7926b-4a82-44f6-9cc9-65368b503a92,TEIKI-62EAE509,RECEIVING,定期清掃,定期清掃,33000.0,2,アズ・シェラーナ．ココ,41000629,ハウズ大阪北,管理人様より月水木9－17：00,-,-,⚫︎,-,-,-,-,-,⚫︎,-,-,-
41e360ec-9c24-46d3-a078-9dd34fc186c3,TEIKI-40E57A51,RECEIVING,定期清掃,定期清掃,42500.0,4,緑地東グランドマンション,41000654,ハウズ大阪北,（火木指定）12月のみ20日すぎで日程を組む,-,-,⚫︎,-,-,⚫︎,-,-,⚫︎,-,-,⚫︎
55ad170a-c0de-4a3e-a3c4-a5ebd046721b,TEIKI-1E83D714,RECEIVING,定期清掃,定期清掃,33000.0,2,エーベル伊丹西台,41000656,ハウズ大阪北,,-,-,⚫︎,-,-,-,-,-,⚫︎,-,-,-
f73654da-85b3-4e21-873e-749299aa3579,TEIKI-BFB8AC89,RECEIVING,定期清掃,定期清掃,33000.0,2,セレッソコート江坂ステイシア,41000665,ハウズ大阪北,（月火水金）,-,-,⚫︎,-,-,-,-,-,⚫︎,-,-,-
4ca4b6b5-a8c4-4fa3-ad41-e74c8c6bb72a,TEIKI-1137429E,RECEIVING,定期清掃,定期清掃,78000.0,4,ディアステージ正雀ウェルブライト,41000671,ハウズ大阪北,（奇数月月火・偶数月木金）,-,-,⚫︎,-,-,⚫︎,-,-,⚫︎,-,-,⚫︎
3e74549d-933c-4816-b9c5-487efaf73553,TEIKI-8B1C1739,RECEIVING,定期清掃,定期清掃,103000.0,2,セレッソコート南千里佐竹台グランヒルズ,41000672,ハウズ大阪北,水×,-,-,⚫︎,-,-,-,-,-,⚫︎,-,-,-
a0d7a9c0-e4dc-4832-b9ae-a99a89036dc6,TEIKI-32195A94,RECEIVING,定期清掃1,定期清掃1,22000.0,6,プレシオ新大阪,41000681,ハウズ大阪北,（9：00－11：00）　　偶数月ＡＹ日程と合わす,⚫︎,-,⚫︎,-,⚫︎,-,⚫︎,-,⚫︎,-,⚫︎,-
cdbe8460-7f26-4eba-a52e-7738cd7b23ca,TEIKI-547FA3CB,RECEIVING,定期清掃2,定期清掃2,10000.0,3,プレシオ新大阪,41000681,ハウズ大阪北,（ＡＹ）午前希望　4.8.12月,⚫︎,-,-,-,⚫︎,-,-,-,⚫︎,-,-,-
4adc32f7-5baa-4248-8b1c-4520bb57c2db,TEIKI-AB963D53,RECEIVING,定期清掃3,定期清掃3,7000.0,2,プレシオ新大阪,41000681,ハウズ大阪北,（9：00－11：00）　　6.12月月ＡＹ日程と合わす,-,-,⚫︎,-,-,-,-,-,⚫︎,-,-,-
88694b9a-99ae-4b2b-9354-c8c74821fc86,TEIKI-E6DA852F,RECEIVING,定期清掃4,定期清掃4,4000.0,1,プレシオ新大阪,41000681,ハウズ大阪北,（9：00－11：00）月ＡＹ日程と合わす,-,-,-,-,-,-,-,-,⚫︎,-,-,-
953708bc-2ca4-4dab-bb74-aff8d33cb8eb,TEIKI-A6322C28,RECEIVING,定期清掃,定期清掃,33000.0,2,ディナスティ緑地公園,41000689,ハウズ大阪北,月火金午前中,-,-,⚫︎,-,-,-,-,-,⚫︎,-,-,-
ab07c3c5-5487-417c-b7ce-b65001d4a0cc,TEIKI-5421811F,RECEIVING,特別清掃 2,特別清掃,15000.0,2,ディナスティ緑地公園,41000689,ハウズ大阪北,月火金午前中,-,-,-,-,-,⚫︎,-,-,-,-,-,⚫︎
f7b5f887-2f62-4c1b-9b25-60dbe058a32f,TEIKI-CD90E66E,RECEIVING,定期清掃,定期清掃,55000.0,1,サムティ大阪ＷＥＳＴグランジール,41000718,ハウズ大阪北,,-,-,-,-,-,-,⚫︎,-,-,-,-,-
057c94e3-8134-4b88-abf8-ba3577a7b1c6,TEIKI-E3D5FDCD,RECEIVING,定期清掃,定期清掃,30000.0,3,池田井口堂ラディアンス,41000722,ハウズ大阪北,（火×）,⚫︎,-,-,-,⚫︎,-,-,-,⚫︎,-,-,-
c8eed777-37a1-4721-9f12-22dc6f9a971d,TEIKI-9C00702D,RECEIVING,定期清掃,定期清掃,26000.0,3,セーリオ豊中・少路,41000787,ハウズ大阪北,（月木金午前中で日程くむ）,-,⚫︎,-,-,-,⚫︎,-,-,-,⚫︎,-,-
52cf318d-7fea-4b67-bb53-ba2bb7fb8679,TEIKI-9596172D,RECEIVING,特別清掃（要確認）,特別清掃（要確認）,0.0,1,セーリオ豊中・少路,41000787,ハウズ大阪北,（月木金午前中で日程くむ）,-,-,-,-,-,⚫︎,-,-,-,-,-,-
c0f073a9-ab3d-47fc-a939-6c439e5b8fa0,TEIKI-557C8D09,RECEIVING,定期清掃,定期清掃,35000.0,2,アズ・アドバン，リーヴァ,41000788,ハウズ大阪北,通常4.10月　年2回,⚫︎,-,-,-,-,-,⚫︎,-,-,-,-,-
42af8a27-1cdb-4b7c-b531-0601155afbb2,TEIKI-8A57D79C,RECEIVING,定期清掃,定期清掃,17500.0,4,レールシティ高槻1番館,41000808,ハウズ大阪北,（第3月曜日指定）2024年のみ定期月変更1.4.7.10➡6.8.10.12月へ変更になりました。,⚫︎,-,-,⚫︎,-,-,⚫︎,-,-,⚫︎,-,-
c4b02c5d-8643-49a2-99c8-7434f470e6a9,TEIKI-60395343,RECEIVING,定期清掃,定期清掃,12000.0,4,レールシティ高槻2番館,41000809,ハウズ大阪北,（第3月曜日指定）月火木で予定1.4.7.10月　月曜のみ,⚫︎,-,-,⚫︎,-,-,⚫︎,-,-,⚫︎,-,-
6e4e4da4-fd9f-4d1c-ae46-4da10cf3d55e,TEIKI-1D852A8E,RECEIVING,定期清掃,定期清掃,31000.0,2,プロパレス江坂南レジグランツ,41000835,ハウズ大阪北,（月・木・8－14）,-,-,-,-,⚫︎,-,-,-,-,-,⚫︎,-
f1b86898-f0bb-45bc-894e-5918154f9804,TEIKI-B6499139,RECEIVING,定期清掃,定期清掃,32000.0,2,ゾフィー江坂,41000838,ハウズ大阪北,（火木土のみ）,-,⚫︎,-,-,-,-,-,⚫︎,-,-,-,-
20358f46-6593-43c0-8700-e5294ca11671,TEIKI-B8D3EAFC,RECEIVING,定期清掃,定期清掃,38500.0,4,ロイヤルシャトー高槻,41000866,ハウズ大阪北,,⚫︎,-,-,⚫︎,-,-,⚫︎,-,-,⚫︎,-,-
26bbfdf5-9830-4228-aef9-f8b71320abaa,TEIKI-B93D1605,RECEIVING,定期清掃,定期清掃,63000.0,3,プロパレス吹田モナークヒルズ,41000875,ハウズ大阪北,（月・木希望）,-,-,⚫︎,-,-,-,⚫︎,-,-,-,⚫︎,-
fb328da0-38b5-48e4-9116-12552ce9a4b7,TEIKI-943050EC,RECEIVING,定期清掃,定期清掃,24000.0,2,ステージオ南千里,41000899,ハウズ大阪北,（木・金　指定）,-,-,-,-,-,⚫︎,-,-,-,-,-,⚫︎
4bf7f4a5-9627-4b86-a4da-4897ba48af42,TEIKI-F79FBBD8,RECEIVING,定期清掃,定期清掃,43000.0,2,ディナスティ千里中央アスティオ,41000905,ハウズ大阪北,,⚫︎,-,-,-,-,-,⚫︎,-,-,-,-,-
e90d07be-604c-45dc-94bf-752cbe5b4948,TEIKI-E441596D,RECEIVING,定期清掃,定期清掃,72000.0,4,パレス茨木,41000910,ハウズ大阪北,,⚫︎,-,-,⚫︎,-,-,⚫︎,-,-,⚫︎,-,-
c3360a95-7f63-49f5-bcbc-53ea954dd5d9,TEIKI-C3BD3EF4,RECEIVING,定期清掃,定期清掃,175000.0,3,サンハイツ武庫之荘1・2号棟,41000920,ハウズ大阪北,マルク,-,⚫︎,-,-,-,⚫︎,-,-,-,⚫︎,-,-
ed8e9866-07f8-40a3-860e-cd09d2f4dfaf,TEIKI-04E5FE07,RECEIVING,定期清掃,定期清掃,54000.0,2,ペルル高槻ファインス,41000927,ハウズ大阪北,（土日Ｘ）,-,⚫︎,-,-,-,-,-,⚫︎,-,-,-,-
fa999d0c-e47b-4216-ba70-d2c7b14e215f,TEIKI-88A00CCD,RECEIVING,特別清掃1,特別清掃1,345000.0,1,ローレルハイツ茨木総持寺第1号棟,41001099,ハウズ大阪北,,-,⚫︎,-,-,-,-,-,-,-,-,-,-
a8b65a09-9f7a-437c-9c64-906212a53884,TEIKI-BDE3B958,RECEIVING,特別清掃2,特別清掃2,370000.0,1,ローレルハイツ茨木総持寺第1号棟,41001099,ハウズ大阪北,,-,-,-,-,-,-,-,⚫︎,-,-,-,-
1fe60a60-3ed8-4955-bac4-d65e63b14a25,TEIKI-B60F52A0,RECEIVING,定期清掃,定期清掃,32000.0,2,朝日プラザ塚本Ⅱ,41001113,ハウズ大阪北,,-,-,⚫︎,-,-,-,-,-,⚫︎,-,-,-
c61132be-d9e6-4a67-ab4a-8be6bb09317b,TEIKI-E897F4EE,RECEIVING,定期清掃,定期清掃,52000.0,3,シャルム野中南公園,41001117,ハウズ大阪北,金曜日×,-,⚫︎,-,-,-,⚫︎,-,-,-,⚫︎,-,-
1b617ead-a780-49a3-ac79-efdd27860e32,TEIKI-21ACAB7E,RECEIVING,定期清掃,定期清掃,73000.0,2,ワコーレ豊中ステーションウイング,41001130,ハウズ大阪北,,-,-,⚫︎,-,-,-,-,-,⚫︎,-,-,-
1d28775f-13dc-4876-9481-31ab2ce05835,TEIKI-6C4EA527,RECEIVING,定期清掃・共用団地床清掃,定期清掃・共用団地床清掃,37500.0,4,ザ・ガーデネスクシティ,41001151,ハウズ大阪北,（月曜指定）日祝×,-,-,⚫︎,-,-,⚫︎,-,-,⚫︎,-,-,⚫︎
15b38197-536a-4e82-946b-36e45e566e5e,TEIKI-09ED672B,RECEIVING,定期清掃・コムズ館ガラス清掃,定期清掃・コムズ館ガラス清掃,10000.0,4,ザ・ガーデネスクシティ,41001151,ハウズ大阪北,水,-,-,⚫︎,-,-,⚫︎,-,-,⚫︎,-,-,⚫︎
5135fd6d-7058-4950-9b42-b75378510777,TEIKI-FDCD6150,RECEIVING,定期清掃・コムズ館床清掃,定期清掃・コムズ館床清掃,58000.0,4,ザ・ガーデネスクシティ,41001151,ハウズ大阪北,水,-,-,⚫︎,-,-,⚫︎,-,-,⚫︎,-,-,⚫︎
bd88c440-71f3-4a0c-8403-d7b497d26b27,TEIKI-D4F94975,RECEIVING,定期清掃・ブライト館ガラス清掃,定期清掃・ブライト館ガラス清掃,5300.0,4,ザ・ガーデネスクシティ,41001151,ハウズ大阪北,水,-,-,⚫︎,-,-,⚫︎,-,-,⚫︎,-,-,⚫︎
7891041b-029a-4f7e-8471-20714f50ece4,TEIKI-18C3CFB7,RECEIVING,定期清掃・ブライト館床清掃,定期清掃・ブライト館床清掃,25000.0,4,ザ・ガーデネスクシティ,41001151,ハウズ大阪北,水,-,-,⚫︎,-,-,⚫︎,-,-,⚫︎,-,-,⚫︎
f77db1cf-b5c8-46a0-a87c-4abb8722b3ba,TEIKI-D0568A48,RECEIVING,定期清掃・アクア館ガラス清掃,定期清掃・アクア館ガラス清掃,15000.0,4,ザ・ガーデネスクシティ,41001151,ハウズ大阪北,火,-,-,⚫︎,-,-,⚫︎,-,-,⚫︎,-,-,⚫︎
4f9f23e6-7834-40ec-baee-1b850220aced,TEIKI-7D213D8B,RECEIVING,定期清掃・アクア館床清掃,定期清掃・アクア館床清掃,77000.0,4,ザ・ガーデネスクシティ,41001151,ハウズ大阪北,火,-,-,⚫︎,-,-,⚫︎,-,-,⚫︎,-,-,⚫︎
66e290af-c249-43fe-8972-f3d25f5e7440,TEIKI-101677E7,RECEIVING,定期清掃・その他清掃,定期清掃・その他清掃,170000.0,1,ザ・ガーデネスクシティ,41001151,ハウズ大阪北,（月曜指定）,-,-,-,-,-,-,-,-,⚫︎,-,-,-
4c33bf61-cbf7-442e-90ca-5d27805ba654,TEIKI-36F91F7E,RECEIVING,定期清掃・共用団地ガラス清掃,定期清掃・共用団地ガラス清掃,21500.0,1,ザ・ガーデネスクシティ,41001151,ハウズ大阪北,（月曜指定）,-,-,-,-,-,-,-,-,⚫︎,-,-,-
bb882c98-31a7-411c-81b3-b9007a33fad0,TEIKI-CDAEC2E9,RECEIVING,定期清掃・共用団地エアコンフィルター清掃,定期清掃・共用団地エアコンフィルター清掃,5300.0,2,ザ・ガーデネスクシティ,41001151,ハウズ大阪北,（月曜指定）,-,-,⚫︎,-,-,-,-,-,⚫︎,-,-,-
2fd620e9-a7fe-4102-9f90-88dc08264cab,TEIKI-6346F575,RECEIVING,定期清掃・共用団地キッチンスタジアム,定期清掃・共用団地キッチンスタジアム,4300.0,1,ザ・ガーデネスクシティ,41001151,ハウズ大阪北,（月曜指定）,-,-,-,-,-,-,-,-,⚫︎,-,-,-
0ff89f6f-7c48-4883-8836-77f901926acc,TEIKI-3DBB9C1C,RECEIVING,定期清掃Ⅰ,定期清掃Ⅰ,12000.0,4,ユニ・アルス池田天神プレジオ,41001164,ハウズ大阪北,,⚫︎,-,-,⚫︎,-,-,⚫︎,-,-,⚫︎,-,-
22fd4e55-e48b-4195-89b5-0a9cdb1593d4,TEIKI-FE4F4E5F,RECEIVING,定期清掃Ⅱ,定期清掃Ⅱ,54000.0,2,ユニ・アルス池田天神プレジオ,41001164,ハウズ大阪北,,-,-,-,⚫︎,-,-,-,-,-,⚫︎,-,-
539baeef-6dc0-4a8d-8f18-ee0cf78d3d5f,TEIKI-41612904,RECEIVING,定期清掃,定期清掃,30000.0,1,蛍池ハイツ東棟,41001184,ハウズ大阪北,（お知らせ持参）,-,-,-,-,-,-,-,-,⚫︎,-,-,-
038e5e84-84d3-44a6-a773-ed3877465a74,TEIKI-FDAE3EC1,RECEIVING,定期清掃,定期清掃,33000.0,3,コーポ清Ｃ棟,41001208,ハウズ大阪北,"（報告書1週間以内に添付する）
2.58.11➡3.7.11へ",-,-,-,⚫︎,-,-,-,⚫︎,-,-,-,⚫︎
84b29324-8b0f-42d1-8149-a52801b77cac,TEIKI-5C181AE3,RECEIVING,定期清掃,定期清掃,71000.0,2,ユニライフ伊丹駅前,41001229,ハウズ大阪北,,-,-,⚫︎,-,-,-,-,-,⚫︎,-,-,-
28c301b4-0559-434d-bd9f-3dfd447fad9f,TEIKI-A8B37C12,RECEIVING,特別清掃,特別清掃,50000.0,1,ユニライフ伊丹駅前,41001229,ハウズ大阪北,,-,-,-,-,-,-,-,-,⚫︎,-,-,-
a51ede0b-9ffa-48b2-bf5d-45d15132ad16,TEIKI-06107140,RECEIVING,特別清掃,特別清掃,210000.0,2,レックスタウン新高,41001278,ハウズ大阪北,,-,-,⚫︎,-,-,-,-,-,⚫︎,-,-,-
c69f2ec9-aeea-46c0-930d-c0f1b1664aba,TEIKI-A875790C,RECEIVING,特別清掃（滝・小川）,特別清掃（滝・小川）,26000.0,3,レックスタウン新高,41001278,ハウズ大阪北,火水木希望,-,-,⚫︎,-,-,⚫︎,-,-,⚫︎,-,-,-
2ecaf6fd-6211-4ec6-96a3-4c94e2106777,TEIKI-5F0EF761,RECEIVING,定期清掃,定期清掃,110000.0,4,チサン第八新大阪,41001282,ハウズ大阪北,土曜,-,-,⚫︎,-,-,⚫︎,-,-,⚫︎,-,-,⚫︎
131ba29f-2143-4d76-867f-853a9d67e67c,TEIKI-31722A0E,RECEIVING,定期清掃,定期清掃,25000.0,1,シャルマンコーポ高槻,41001287,ハウズ大阪北,2025.6月➡10月へ,-,-,⚫︎,-,-,-,-,-,-,-,-,-
5e61d882-3465-409f-9871-9c57d23fecfb,TEIKI-8D07007A,RECEIVING,定期清掃Ⅰ（エントランスのみ）,定期清掃Ⅰ（エントランスのみ）,5500.0,3,デュアル茨木プレステージユ,41001306,ハウズ大阪北,（2.5.11月）エントランス,-,⚫︎,-,-,-,-,-,⚫︎,-,-,⚫︎,-
ddbf94dd-551a-46d9-af99-fd60caa105ab,TEIKI-ABA2AF01,RECEIVING,定期清掃Ⅱ（廊下階段）,定期清掃Ⅱ（廊下階段）,54000.0,2,デュアル茨木プレステージユ,41001306,ハウズ大阪北,（5.11月）廊下階段,-,⚫︎,-,-,-,-,-,⚫︎,-,-,-,-
33191be8-8c38-4960-aef8-bec1fe424ea7,TEIKI-3A5A4ABB,RECEIVING,定期清掃,定期清掃,42000.0,2,塚本北コーポ,41001307,ハウズ大阪北,,-,-,⚫︎,-,-,-,⚫︎,-,-,-,-,-
72252a02-412b-44e8-b026-e93c577de392,TEIKI-E5CC3C8F,RECEIVING,定期清掃,定期清掃,26000.0,6,ヴェルドール緑地公園南,41001321,ハウズ大阪北,,-,⚫︎,-,⚫︎,-,⚫︎,-,⚫︎,-,⚫︎,-,⚫︎
3eccc412-e355-43b6-8586-36eb073bca3d,TEIKI-C5B161BC,RECEIVING,特別清掃,特別清掃,3000.0,1,ヴェルドール緑地公園南,41001321,ハウズ大阪北,,-,-,-,-,-,-,-,⚫︎,-,-,-,-
0878a7d6-227d-49a8-8945-0b175a4ad27b,TEIKI-843255B2,RECEIVING,定期清掃Ⅰ,定期清掃Ⅰ,35000.0,2,エスリード吹田駅前,41001367,ハウズ大阪北,,-,-,-,-,⚫︎,-,-,-,-,-,⚫︎,-
6dd250c2-0106-45e6-b5f2-d40720c14b3e,TEIKI-051F4328,RECEIVING,定期清掃Ⅱ,定期清掃Ⅱ,5000.0,1,エスリード吹田駅前,41001367,ハウズ大阪北,,-,-,-,-,-,-,-,-,-,-,⚫︎,-
a97298b4-56a7-4f61-a7a0-e6bcc1eb41c0,TEIKI-E067858C,RECEIVING,定期清掃,定期清掃,47000.0,3,レジオン上新庄,41001403,ハウズ大阪北,マルク,-,-,⚫︎,-,-,-,⚫︎,-,-,-,⚫︎,-
5323959e-4962-4a57-ac9b-b75a0175016f,TEIKI-80798D83,RECEIVING,定期清掃,定期清掃,23000.0,4,春日丘グリーンハイツ,41001412,ハウズ大阪北,,-,⚫︎,-,-,⚫︎,-,-,⚫︎,-,-,⚫︎,-
694245a6-ff8a-473d-85f8-882537c1e9b8,TEIKI-2C94F33C,RECEIVING,定期清掃Ⅰ,定期清掃Ⅰ,75000.0,4,グリーンウエル宝塚,41001422,ハウズ大阪北,水以外,-,⚫︎,-,-,⚫︎,-,-,⚫︎,-,-,⚫︎,-
72028308-6bc4-4eb5-9560-c0c28a97b217,TEIKI-8B72961A,RECEIVING,定期清掃Ⅱ,定期清掃Ⅱ,90000.0,1,グリーンウエル宝塚,41001422,ハウズ大阪北,水以外,-,-,-,-,⚫︎,-,-,-,-,-,-,-
6330a1f9-7c20-499e-b291-ec298996be5d,TEIKI-6EE222F9,RECEIVING,定期清掃,定期清掃,24000.0,4,サニークレスト豊中,41001430,ハウズ大阪北,（月火金9－12：00）,⚫︎,-,-,⚫︎,-,-,⚫︎,-,-,⚫︎,-,-
88a2bf95-df02-48f8-8a67-08aa6ef2e7d6,TEIKI-36AEBE6F,RECEIVING,定期清掃,定期清掃,45000.0,3,ステイツ吹田　江坂　グランプレナージュ,41001479,ハウズ大阪北,月水木のみ,⚫︎,-,-,-,⚫︎,-,-,-,⚫︎,-,-,-
21743cbc-898a-40c1-a43f-1b6d72c47092,TEIKI-713D5102,RECEIVING,定期清掃,定期清掃,0.0,4,レーベン豊中永楽荘ヒルズ,41001481,ハウズ大阪北,,-,⚫︎,-,-,⚫︎,-,-,⚫︎,-,-,⚫︎,-
742da62d-491f-43fc-9c4d-f075d0d56b2f,TEIKI-7035A5FD,RECEIVING,排水管清掃,排水管清掃,73300.0,1,アンビエント江坂,41000300,ハウズ大阪北,,-,-,-,-,-,-,-,⚫︎,-,-,-,-
d1c71aff-13f7-4a33-a295-9cacf9043db9,TEIKI-C2FFCBA2,RECEIVING,定期清掃Ⅰ（エントランスアプローチ床ガラス）,定期清掃Ⅰ（エントランスアプローチ床ガラス）,25000.0,6,クラウンハイム吹田上山手,41000329,ハウズ大阪北,,⚫︎,-,⚫︎,-,⚫︎,-,⚫︎,-,⚫︎,-,⚫︎,-
fc02eafd-855b-4d8c-a95e-e5e9892b5387,TEIKI-F55595CD,RECEIVING,定期清掃Ⅱ（各階廊下階段床）,定期清掃Ⅱ（各階廊下階段床）,15000.0,2,クラウンハイム吹田上山手,41000329,ハウズ大阪北,,-,-,⚫︎,-,-,-,-,-,⚫︎,-,-,-
56ea10d1-11b6-4cdc-8314-b11fe5500f1c,TEIKI-71B56365,RECEIVING,定期清掃,定期清掃,145000.0,4,ユニハイム千里丘吹田清水,41001483,ハウズ大阪北,,-,-,⚫︎,-,-,⚫︎,-,-,⚫︎,-,-,⚫︎
8528a181-6b14-44b1-a090-4746f449fc36,TEIKI-8E154A72,RECEIVING,定期清掃,定期清掃,52000.0,2,レーベン川西　ＴＩＥＡＫ　ＲＥＳＩＤＥＮＣＥ,41001530,ハウズ大阪北,2022.6開始,-,-,⚫︎,-,-,-,-,-,⚫︎,-,-,-
e9e1cef9-c320-45c2-bfdf-562409a2ae34,TEIKI-B380EE9D,RECEIVING,定期清掃,定期清掃,108000.0,4,レーベン千里青山台　ＧＲＡＮ　ＨＩＧＨ,41001531,ハウズ大阪北,2022.5開始,-,⚫︎,-,-,⚫︎,-,-,⚫︎,-,-,⚫︎,-
d1a074c8-6cbf-4d10-8fef-7ba5c9c2fecd,TEIKI-04909C3E,RECEIVING,定期清掃,定期清掃,92000.0,1,チサンマンション第五江坂,41001418,ハウズ大阪北,木金土希望,-,-,-,-,-,-,-,-,⚫︎,-,-,-
ef2a038c-9c05-4180-806d-371e179a55cc,TEIKI-B3BFB5FC,RECEIVING,定期清掃,定期清掃,25000.0,4,コスモ吹田原町,41001539,ハウズ大阪北,"月水木8－15：00　　自社作業
2022.9から",-,-,⚫︎,-,-,⚫︎,-,-,⚫︎,-,-,⚫︎
15ec6048-5352-43bf-8dc0-2104d4804eaf,TEIKI-27B7E978,RECEIVING,定期清掃Ⅰ,定期清掃Ⅰ,36000.0,2,塚口フレックス,41001561,ハウズ大阪北,2023.3から,-,-,-,-,-,⚫︎,-,-,-,-,-,⚫︎
2e1ad51f-275c-4029-b112-425505d498ca,TEIKI-9F3BFA19,RECEIVING,定期清掃Ⅱ,定期清掃Ⅱ,10200.0,1,塚口フレックス,41001561,ハウズ大阪北,2023.9から,-,-,-,-,-,⚫︎,-,-,-,-,-,-
49f268b4-2203-4447-83d7-3b95eed5b8e0,TEIKI-4A3630AE,RECEIVING,定期清掃,定期清掃,38000.0,2,五月丘ハウス,41001441,ハウズ大阪北,3.9月2023.9～,-,-,-,-,-,⚫︎,-,-,-,-,-,⚫︎
faa42c2d-b916-487d-8fb0-7ace22a77540,TEIKI-A34387C6,RECEIVING,定期清掃,定期清掃,47500.0,3,アズ・ワンコティ,41000549,ハウズ大阪北,2023.12～　47000➡47500（2023.12～）,⚫︎,-,-,-,⚫︎,-,-,-,⚫︎,-,-,-
c0bfd36d-adc7-439c-9178-2d3a5522d8e8,TEIKI-06122032,RECEIVING,定期清掃,定期清掃,40000.0,2,ソレイユ川西グランベール,41000632,ハウズ大阪北,,-,-,⚫︎,-,-,-,-,-,⚫︎,-,-,-
73fdad6b-099e-4430-b891-19f9675720f2,TEIKI-C8B4ED5E,RECEIVING,定期清掃,定期清掃,20000.0,2,ルミナス桃山台,41000761,ハウズ大阪北,,-,-,-,-,⚫︎,-,-,-,⚫︎,-,-,-
bd08d290-b384-41d7-9ad9-377320f49eab,TEIKI-038F8885,RECEIVING,定期清掃,定期清掃,41000.0,2,ワコーレ伊丹中央,41000961,ハウズ大阪北,,-,-,⚫︎,-,-,-,-,-,⚫︎,-,-,-
faae908e-5fb6-47a1-94db-0805b49a7053,TEIKI-3E6146F6,RECEIVING,定期清掃,定期清掃,36000.0,2,ル・グランデ江坂公園,41001310,ハウズ大阪北,,-,-,⚫︎,-,-,-,-,-,⚫︎,-,-,-
4169300b-2742-4a33-8a95-f88f66314c8d,TEIKI-611CD475,RECEIVING,定期清掃,定期清掃,45000.0,3,ＯＴＣパークハイツ,41001568,ハウズ大阪北,,⚫︎,-,-,-,⚫︎,-,-,-,⚫︎,-,-,-
e6140e30-7550-41a6-9712-ea31dd0b6598,TEIKI-5AEAA9BD,RECEIVING,定期清掃Ⅰ,定期清掃Ⅰ,50000.0,3,サンマンションアトレ吹田片山通り,41001603,ハウズ大阪北,"水Ｘ　　第1.3金曜×　月火木曜日限定
2024.5月より開始",-,⚫︎,-,-,-,⚫︎,-,-,-,⚫︎,-,-
37d717c6-feba-4c84-ac13-25899f74e0ff,TEIKI-585EC9B6,RECEIVING,定期清掃Ⅱ,定期清掃Ⅱ,6000.0,2,サンマンションアトレ吹田片山通り,41001603,ハウズ大阪北,"水Ｘ　　第1.3金曜×　月火木曜日限定
2024.5月より開始",-,⚫︎,-,-,-,-,-,-,-,⚫︎,-,-
6f42c479-35ff-434f-b2d2-a61a867c50ee,TEIKI-5375795B,RECEIVING,定期清掃,定期清掃,64000.0,2,ル・グランデ新大阪南,41001101,ハウズ大阪北,マルクリーン,⚫︎,-,-,-,-,-,⚫︎,-,-,-,-,-
4643a87a-db0f-4fd3-add3-362f14c3f78f,TEIKI-A9A1155A,RECEIVING,定期清掃,定期清掃,30000.0,2,ル・グランデ新大阪南Ⅱ,41001597,ハウズ大阪北,,-,-,-,⚫︎,-,-,-,-,-,-,⚫︎,-
17314ec4-9f63-42f0-a337-b45c7302e0cf,TEIKI-050B260E,RECEIVING,定期清掃,定期清掃,75000.0,2,レピア東園田ＥＡＳＴ,41001616,ハウズ大阪北,,-,⚫︎,-,-,-,-,-,⚫︎,-,-,-,-
3a16183d-160b-49c7-b009-a8f6a5c2bfdc,TEIKI-939D1605,RECEIVING,定期清掃Ⅱ,定期清掃Ⅱ,25000.0,1,レピア東園田ＥＡＳＴ,41001616,ハウズ大阪北,,-,-,-,-,-,-,-,⚫︎,-,-,-,-
a4d9b2a3-b6db-4970-8e0f-9e0a3360b2e1,TEIKI-0CAA45C9,RECEIVING,定期清掃,定期清掃,54000.0,3,ハイマート豊中,41001615,ハウズ大阪北,,-,-,⚫︎,-,-,-,⚫︎,-,-,-,⚫︎,-
3b3871b5-e4c0-442c-917f-d568ba44f90e,TEIKI-86B1CB17,RECEIVING,定期清掃,定期清掃,21000.0,2,ローズコーポ新伊丹,41000333,ハウズ大阪北,午前中希望,-,-,-,⚫︎,-,-,-,-,-,⚫︎,-,-
eaba1a6b-fb24-4247-a5d5-d79346958ddf,TEIKI-E9BB48D7,RECEIVING,定期清掃,定期清掃,36000.0,5,シティコーポ柏里,41000288,ハウズ大阪北,,⚫︎,-,⚫︎,-,⚫︎,-,⚫︎,-,-,-,⚫︎,-
552dd697-1a42-4aab-b206-0f24a215df06,TEIKI-3963A313,RECEIVING,特別清掃,特別清掃,75000.0,1,シティコーポ柏里,41000288,ハウズ大阪北,,-,-,-,-,-,-,-,-,⚫︎,-,-,-
f8db331f-9148-48ec-b35a-e2aa53d55c64,TEIKI-E90428AC,RECEIVING,定期清掃,定期清掃,21000.0,3,アービング千里中央,41000396,ハウズ大阪北,,⚫︎,-,-,-,⚫︎,-,-,-,⚫︎,-,-,-
7fef6aae-08af-4546-8be3-45640bcf3d37,TEIKI-97E61D68,RECEIVING,定期清掃,定期清掃,29000.0,4,中央メルヴェール江坂,41000464,ハウズ大阪北,火金以外の午前中,⚫︎,-,-,⚫︎,-,-,⚫︎,-,-,⚫︎,-,-
3049a9be-15c8-4061-8038-a2617934922e,TEIKI-C6F0BF0D,RECEIVING,定期清掃,定期清掃,18000.0,4,グランドール南千里,41000032,ハウズ大阪北,,-,⚫︎,-,-,⚫︎,-,-,⚫︎,-,-,⚫︎,-
5f86b619-c71b-4a5b-99d8-0a7ef8e22e9f,TEIKI-F3ACFE27,RECEIVING,特別清掃,特別清掃,36000.0,2,グランドール南千里,41000032,ハウズ大阪北,,-,-,-,-,⚫︎,-,-,-,-,-,⚫︎,-
fae4be01-4c61-46f9-a3e5-1dc7a1ad060c,TEIKI-0F21A7DB,RECEIVING,定期清掃,定期清掃,21000.0,2,アービング池田五月丘,41000436,ハウズ大阪北,金×,-,-,⚫︎,-,-,-,-,-,⚫︎,-,-,-
0a07c4d0-2163-4f6c-8bcb-c8b4f92c9bba,TEIKI-E2A42A82,RECEIVING,定期清掃,定期清掃,36000.0,3,プロパレス江坂公園ロマネスタ,41000783,ハウズ大阪北,,-,⚫︎,-,-,-,⚫︎,-,-,-,⚫︎,-,-
5ef9babe-d924-4b66-9f42-995be59d046c,TEIKI-E9896826,RECEIVING,定期清掃,定期清掃,36000.0,3,ルネ江坂駅前,41001043,ハウズ大阪北,,-,-,⚫︎,-,-,-,⚫︎,-,-,-,⚫︎,-
f9f9ad36-dbf7-4f23-b83a-e7efccd53144,TEIKI-C9F0335F,RECEIVING,特別清掃,特別清掃,21000.0,1,スワローハイツ箕面,41000030,ハウズ大阪北,,-,-,-,-,-,-,-,-,⚫︎,-,-,-
98cd9130-72c8-4db8-8342-57acb59a157b,TEIKI-916DED3D,RECEIVING,年末年始特清掃,年末年始特清掃,56400.0,1,千里月見ヶ丘ハイツ,41000005,ハウズ大阪北,,-,-,-,-,-,-,-,-,⚫︎,-,-,-
070bcf9c-5ab7-40e0-bd24-18770c8e77f9,TEIKI-2ACEC0EF,RECEIVING,定期清掃1,定期清掃1,0.0,4,ブリッジコート千里中央,41001630,ハウズ大阪北,2024.12月～,-,-,⚫︎,-,-,⚫︎,-,-,⚫︎,-,-,⚫︎
31d616f9-26bd-4e57-bc69-e2f8647ea395,TEIKI-3F733036,RECEIVING,定期清掃2,定期清掃2,0.0,1,ブリッジコート千里中央,41001630,ハウズ大阪北,2024.12月～,-,-,-,-,-,-,-,-,⚫︎,-,-,-
62eacfe7-6bb7-497e-b909-26ac6eea9e77,TEIKI-E591F106,RECEIVING,定期清掃,定期清掃,102000.0,2,パレ昆陽池公園プルミエール,41001635,ハウズ大阪北,,-,-,-,⚫︎,-,-,-,-,-,⚫︎,-,-
eaaea745-cb81-424f-bc97-6777b7d2409a,TEIKI-FF503B7A,RECEIVING,定期清掃,定期清掃,44000.0,2,ブルグリン・コート吹田駅前,41001642,ハウズ大阪北,,-,⚫︎,-,-,-,-,-,⚫︎,-,-,-,-
a006e4be-8258-4015-9672-2a65c0a881c5,TEIKI-035F9CCB,RECEIVING,定期清掃,定期清掃,193000.0,4,サニーハウス茨木,41001645,ハウズ大阪北,,⚫︎,-,-,⚫︎,-,-,⚫︎,-,-,⚫︎,-,-
8ae2e02c-a9bd-48b0-be9e-c2982202f48d,TEIKI-881CBDB1,RECEIVING,定期清掃,定期清掃,30000.0,4,セントラル箕面外院,41001480,ハウズ大阪北,3.6.9.12月,-,-,⚫︎,-,-,⚫︎,-,-,⚫︎,-,-,⚫︎
ac0b5e9e-9ff5-48cd-9d7f-e4c62e72842e,TEIKI-165476AE,RECEIVING,消防設備点検,消防設備点検,108000.0,2,レーベン千里青山台　ＧＲＡＮ　ＨＩＧＨ,41001531,ハウズ大阪北,"八翔
4月総合・機器点検／10月機器点検
4月　土日　指定
10月　平日　指定",⚫︎,-,-,-,-,-,⚫︎,-,-,-,-,-
5c7e626c-d449-4359-95f4-9644113326cd,TEIKI-A75D5A30,RECEIVING,定期清掃,定期清掃,400000.0,2,ユニライフ山崎,41001651,ハウズ大阪北,"水以外
3.9月",-,-,-,-,-,⚫︎,-,-,-,-,-,⚫︎
957ec740-dcdf-4723-b3f8-4cbf8539c71f,TEIKI-D7B61C13,RECEIVING,定期清掃Ⅰ,定期清掃Ⅰ,257000.0,3,ウエリス茨木,41001655,ハウズ大阪北,"床面
3.711月",-,-,-,⚫︎,-,-,-,⚫︎,-,-,-,⚫︎
5e36514e-e646-4f1c-b5ba-2c43580feead,TEIKI-0B815906,RECEIVING,定期清掃Ⅱ,定期清掃Ⅱ,260000.0,2,ウエリス茨木,41001655,ハウズ大阪北,"ガラス　エントランス、ＦＩＸ窓Ｇ
7.1月",-,-,-,⚫︎,-,-,-,-,-,⚫︎,-,-
b4840f18-734b-4719-81a9-28349509c1aa,TEIKI-04D2B7A0,RECEIVING,定期清掃Ⅲ,定期清掃Ⅲ,53000.0,2,ウエリス茨木,41001655,ハウズ大阪北,"ガラス正面7月・　ガラス東西1月
7.1月",-,-,-,⚫︎,-,-,-,-,-,⚫︎,-,-
1683a25a-a96e-4f7e-84fb-6366d00dfe5b,TEIKI-6100E3E8,RECEIVING,定期清掃,定期清掃,58000.0,4,レックスガーデン塚口,41001674,ハウズ大阪北,2025.11月開始,-,⚫︎,-,-,⚫︎,-,-,⚫︎,-,-,⚫︎,-
45a1606e-709d-4c3b-b23a-e5182a75d30f,TEIKI-7F67A81B,RECEIVING,定期清掃Ⅰ,定期清掃Ⅰ,55000.0,3,ハイツ尼崎,41001682,ハウズ大阪北,2026.3月開始,-,-,-,⚫︎,-,-,-,⚫︎,-,-,-,⚫︎
53c37ce6-6b5c-4353-a3d6-141a91a10338,TEIKI-8FC09FC4,RECEIVING,定期清掃Ⅱ,定期清掃Ⅱ,10000.0,1,ハイツ尼崎,41001682,ハウズ大阪北,,-,-,-,-,-,-,-,⚫︎,-,-,-,-
686b8335-ae9c-4f3c-a9b1-9363015c6a1c,TEIKI-49EAE620,RECEIVING,定期清掃,定期清掃,36000.0,2,アンビエント西宮仁川アールブリーズ,41000646,ハウズ神戸,"開始時間9：00
新料金：41，000（7月より）",-,-,-,⚫︎,-,-,-,-,-,⚫︎,-,-
5188eaf4-27d5-43f4-b192-9a867f5390a4,TEIKI-1D46D905,RECEIVING,特別清掃,特別清掃,90000.0,1,タウンハウス夙川団地,43000007,ハウズ神戸,,-,-,-,-,-,-,-,-,⚫︎,-,-,-
20c38290-ef62-49c6-b8f9-8744bce7d1a3,TEIKI-ABCB54AE,RECEIVING,定期清掃,定期清掃,19000.0,6,ラフィーネ本山,43000013,ハウズ神戸,新料金：20，000（8月より）,⚫︎,-,⚫︎,-,⚫︎,-,⚫︎,-,⚫︎,-,⚫︎,-
047a4d02-4ba6-4385-8e17-36eaafa36343,TEIKI-36C5C237,RECEIVING,特別清掃,特別清掃,14000.0,1,ラフィーネ本山,43000013,ハウズ神戸,,-,-,-,-,-,-,-,-,⚫︎,-,-,-
3fca5fb1-e825-41df-9d97-ae60dd0dad1d,TEIKI-E7662274,RECEIVING,定期清掃（陸橋床）,定期清掃（陸橋床）,48000.0,2,洋伸芦屋楠町マンション,43000023,ハウズ神戸,新料金：58，000（12月より）,-,-,⚫︎,-,-,-,-,-,⚫︎,-,-,-
22f27768-3f96-4ede-8558-926534379c67,TEIKI-FAB4A900,RECEIVING,特別清掃,特別清掃,10000.0,2,洋伸芦屋楠町マンション,43000023,ハウズ神戸,新料金：19，000（12月より）,-,-,⚫︎,-,-,-,-,-,⚫︎,-,-,-
50086e23-a7f9-4b84-85c4-d0c3ecccc514,TEIKI-0DF9DB63,RECEIVING,定期清掃,定期清掃,5640.0,6,ベルヴィル朝霧,43000095,ハウズ神戸,"新料金：20，000（8月より）
Ｈ28.10月より",⚫︎,-,⚫︎,-,⚫︎,-,⚫︎,-,⚫︎,-,⚫︎,-
d7a17877-07d6-4873-87a7-6e8dc415b963,TEIKI-00228089,RECEIVING,定期清掃,定期清掃,19700.0,4,トーカンマンション垂水ヒルズ,43000342,ハウズ神戸,"月木のみ9：00以降
新料金：39，000（9月より）
3.6.9.12（Ｈ28.12月より）",-,-,⚫︎,-,-,⚫︎,-,-,⚫︎,-,-,⚫︎
2e7de433-08e0-4126-89c2-4773dac5c2b6,TEIKI-3D8747AF,RECEIVING,定期清掃（Ａ）,定期清掃（Ａ）,30000.0,6,住吉台住宅,43000447,ハウズ神戸,"月水木除く
ＥＶ前、管理人室．集会室・ガラス",-,⚫︎,-,⚫︎,-,⚫︎,-,⚫︎,-,⚫︎,-,⚫︎
2bb6aa4c-bf89-4985-ab18-067265d3e16f,TEIKI-1DEABE1C,RECEIVING,定期清掃（Ｂ）,定期清掃（Ｂ）,37000.0,2,住吉台住宅,43000447,ハウズ神戸,"月水木除く
新料金：78，000（11月より）
廊下・階段のみ",-,⚫︎,-,-,-,-,-,⚫︎,-,-,-,-
7d6e3938-241a-4ad2-9370-34e559a68a86,TEIKI-40A66015,RECEIVING,定期清掃（アシスト）,定期清掃（アシスト）,45000.0,4,ピュアハイツ垂水潮見が丘,43000499,ハウズ神戸,"月火金希望（ゴミ収集車）
新料金：　46，000
3.6.9.12",-,-,⚫︎,-,-,⚫︎,-,-,⚫︎,-,-,⚫︎
cc8a9605-5766-43db-b77b-af27fa1f9c33,TEIKI-05F3FD92,RECEIVING,定期清掃,定期清掃,19000.0,1,エステムコート神戸・ハーバーランド前,43000520,ハウズ神戸,"新料金：25，000（8月より）
4.8.12　年3回➡2025.8月から年1回",-,-,-,-,⚫︎,-,-,-,-,-,-,-
e6b2f64d-8afe-486c-9811-3ae9a5550e06,TEIKI-2105C550,RECEIVING,定期清掃,定期清掃,19000.0,4,フォルテコート神戸花山,43000555,ハウズ神戸,"（平日午前中希望）3.6.9.12月へ変更希望
新料金：39，000（12月より）
2022.12月より3.6.9.12へ変更になりました。2022.9月は作業無し7月の次は12月との事8／2メール江より",-,-,⚫︎,-,-,⚫︎,-,-,⚫︎,-,-,⚫︎
3ad78982-9c88-4ac0-a4cd-58c2cce136a6,TEIKI-26C3D6B0,RECEIVING,定期清掃,定期清掃,171000.0,6,ジェームス山ヒルズ,43000599,ハウズ神戸,"アシストのみ
新料金：253，000（11月より）",-,⚫︎,-,⚫︎,-,⚫︎,-,⚫︎,-,⚫︎,-,⚫︎
81502769-6dec-4dc7-b119-fb15154224bb,TEIKI-6F08AF42,RECEIVING,特別清掃,特別清掃,214000.0,1,ジェームス山ヒルズ,43000599,ハウズ神戸,"アシストのみ
新料金：117，000（12月より）
年末特別清掃Ｈ29あり",-,-,-,-,-,-,-,-,⚫︎,-,-,-
fc40df82-a268-498f-89c8-829d4976e56f,TEIKI-CD568F30,RECEIVING,特別清掃,特別清掃,55000.0,1,明舞第1団地,43000603,ハウズ神戸,2020年のみスポットあり,-,-,-,-,-,-,-,-,⚫︎,-,-,-
01e4e9e7-bcb8-4e88-9e9f-b9b430088c3d,TEIKI-BDA0DCC6,RECEIVING,定期清掃,定期清掃,52250.0,3,ラジュール芦屋,43000621,ハウズ神戸,新料金：58，000（9月より）,-,-,⚫︎,-,-,⚫︎,-,-,-,-,-,⚫︎
a8ab38d6-be4e-4f0f-9500-a0286d14585a,TEIKI-8C530558,RECEIVING,特別清掃,特別清掃,60000.0,1,ラジュール芦屋,43000621,ハウズ神戸,,-,-,-,-,-,-,-,-,⚫︎,-,-,-
2f2d7215-0d17-4d65-8fac-657a8b1d504c,TEIKI-E72B83B2,RECEIVING,定期清掃,定期清掃,25000.0,4,セントラルハイツ三宮東,43000664,ハウズ神戸,,-,⚫︎,-,-,⚫︎,-,-,⚫︎,-,-,⚫︎,-
0a3f1a72-96f0-43b3-8b8d-57b0689c5c04,TEIKI-07A143FF,RECEIVING,特別清掃,特別清掃,12000.0,1,セントラルハイツ三宮東,43000664,ハウズ神戸,,-,-,-,-,-,-,-,-,⚫︎,-,-,-
bc9b6322-f4f4-47eb-b881-ce5f9a586af1,TEIKI-97534B3C,RECEIVING,定期清掃,定期清掃,35000.0,4,住吉台東住宅,43000748,ハウズ神戸,（木曜指定）,⚫︎,-,-,⚫︎,-,-,⚫︎,-,-,⚫︎,-,-
25034fcb-cdc1-4138-9c56-7bd962e2ebc7,TEIKI-3D041631,RECEIVING,定期清掃,定期清掃,57000.0,2,ハイラーク明石,43000769,ハウズ神戸,"新料金：69，000（12月より）
Ｈ30.6より",-,-,⚫︎,-,-,-,-,-,⚫︎,-,-,-
6fb81e21-c893-43c6-8a50-2cca84597c12,TEIKI-34CE864D,RECEIVING,定期清掃,定期清掃,55000.0,2,ワコーレウォータービュー垂水,43000908,ハウズ神戸,"雨天中止
Ｈ30.9より",-,-,-,-,-,⚫︎,-,-,-,-,-,⚫︎
0e7e11aa-c2aa-40d8-abcd-e169e8fc9bae,TEIKI-CBB0E900,RECEIVING,定期清掃,定期清掃,53200.0,2,セレッソコート芦屋竹園,43000913,ハウズ神戸,新料金：54，000（12月より）,-,-,⚫︎,-,-,-,-,-,⚫︎,-,-,-
f2827149-cfd1-4bb4-94db-ed062290a984,TEIKI-9728C2FF,RECEIVING,定期清掃,定期清掃,47000.0,2,ワコーレ須磨名谷ステーションマークス,43000926,ハウズ神戸,"新料金：　58，000
2027.6月より請求金額ＵＰ",-,-,⚫︎,-,-,-,-,-,⚫︎,-,-,-
aa375380-29f7-44e0-8eb9-e6cb8d164db6,TEIKI-EF55628A,RECEIVING,定期清掃,定期清掃,29000.0,2,ワコーレ甲南テラス,43000958,ハウズ神戸,"（火以外で）
新料金：　39，000",-,-,⚫︎,-,-,-,-,-,⚫︎,-,-,-
c4ddc842-99c5-4957-958d-dc7c9ae95e0b,TEIKI-C104D181,RECEIVING,定期清掃,定期清掃,39900.0,3,山陽ウインヒルズ須磨友が丘,43000962,ハウズ神戸,"（月・木）
新料金：　43，000
2027.6月～請求金額ＵＰ",-,-,⚫︎,-,⚫︎,-,-,-,⚫︎,-,-,-
14a2a8c4-b78b-41b7-91c2-4e22cbc17ce1,TEIKI-57A8244A,RECEIVING,特別清掃,特別清掃,8400.0,1,山陽ウインヒルズ須磨友が丘,43000962,ハウズ神戸,（月・木）,-,-,-,-,-,-,-,-,⚫︎,-,-,-
2a47b40e-3fe0-45db-81f9-6727afb90f11,TEIKI-3A208704,RECEIVING,定期清掃,定期清掃,40000.0,2,夙川第3コーポラス,43000970,ハウズ神戸,特掃のみＨ30.9解約,-,-,⚫︎,-,-,-,-,-,⚫︎,-,-,-
e2299738-8c7c-4335-965e-e23b96fb49cc,TEIKI-206EE688,RECEIVING,定期清掃,定期清掃,120000.0,2,ビスタグランデ舞子,43000971,ハウズ神戸,"（自社＋龍実）
新料金：　138，000
2027.6月～請求金額ＵＰ",-,-,⚫︎,-,-,-,-,-,⚫︎,-,-,-
b10eb477-c321-4a9d-b021-5c51bd6ececc,TEIKI-F3203B9A,RECEIVING,特別清掃,特別清掃,60000.0,1,ビスタグランデ舞子,43000971,ハウズ神戸,"（自社＋龍実）
新料金：　69，000
2027.12月～請求金額ＵＰ",-,-,-,-,-,-,-,-,⚫︎,-,-,-
18c3ca42-ed95-4d46-8fa9-cbd7f6e6fd9c,TEIKI-18DE734F,RECEIVING,定期清掃,定期清掃,72200.0,2,ワコーレ須磨妙法寺ステーションマークス,43000975,ハウズ神戸,"新料金：　74，000
2027.5月～請求金額ＵＰ",-,⚫︎,-,-,-,-,-,⚫︎,-,-,-,-
627d7b2e-2c9d-4771-a659-fdacc02e86a0,TEIKI-D83080F9,RECEIVING,定期清掃,定期清掃,57000.0,2,シティパーク加古川,43000994,ハウズ神戸,新料金：86，000（12月より）,-,-,⚫︎,-,-,-,-,-,⚫︎,-,-,-
c44e7953-8f7b-4f80-968d-61f18eae45b1,TEIKI-EE92888E,RECEIVING,定期清掃,定期清掃,12000.0,2,芦屋浜町アーバンライフ,43001007,ハウズ神戸,"新料金：　20，000
2027.6月～請求金額ＵＰ",-,-,⚫︎,-,-,-,-,-,⚫︎,-,-,-
ed07ef3e-8d2a-4356-acd2-5e6599274c70,TEIKI-893B34B5,RECEIVING,定期清掃,定期清掃,37000.0,2,サントピアマンション・ユニテック2,43001026,ハウズ神戸,"木曜日×
新料金：41，000（11月より）
管理人木曜日休み",-,⚫︎,-,-,-,-,-,⚫︎,-,-,-,-
2e5b9c07-09b3-443b-94a1-690c91cbd6ee,TEIKI-789A9BD4,RECEIVING,定期清掃,定期清掃,46550.0,4,グラシエール西宮戎,43001038,ハウズ神戸,"木×
新料金：　58，000",-,-,⚫︎,-,-,⚫︎,-,-,⚫︎,-,-,⚫︎
d212e0ee-ad6c-4797-9055-f6cd886d12fa,TEIKI-F82909A6,RECEIVING,特別清掃,特別清掃,15000.0,1,グラシエール西宮戎,43001038,ハウズ神戸,"木×
新料金：　19，000",-,-,-,-,-,-,-,-,⚫︎,-,-,-
bf96d9f5-9877-4a69-980a-2f6fb66033db,TEIKI-6C42E0BE,RECEIVING,定期清掃,定期清掃,31350.0,2,グルーブ甲陽園プレミアム,43001041,ハウズ神戸,（月火木以外）水・金の午前中で,-,-,-,⚫︎,-,-,-,-,-,⚫︎,-,-
07c74c02-4e0e-4b94-b04d-109e8df239a3,TEIKI-8633370B,RECEIVING,定期清掃,定期清掃,35000.0,2,ワコーレ芦屋エンブレム,43001045,ハウズ神戸,,-,-,⚫︎,-,-,-,-,-,⚫︎,-,-,-
6bc6e1c4-8762-4849-a153-da0ce13e38d0,TEIKI-26D7C333,RECEIVING,定期清掃,定期清掃,25000.0,1,ワコーレ本山田中町,43001090,ハウズ神戸,,-,-,-,-,-,-,-,-,⚫︎,-,-,-
0425e010-1e26-4d48-91b5-7b149b346406,TEIKI-9CEC3A6F,RECEIVING,定期清掃,定期清掃,57000.0,2,ワコーレ神戸三宮マスターズレジデンス,43001092,ハウズ神戸,新料金：58，000（8月より）,-,-,-,-,⚫︎,-,-,-,-,-,⚫︎,-
4afa3275-cd48-48ce-aec4-e3d7a2684a96,TEIKI-686EC0FC,RECEIVING,定期清掃,定期清掃,28500.0,6,ヴェルドール西出町公園,43001100,ハウズ神戸,火水のみ,⚫︎,-,⚫︎,-,⚫︎,-,⚫︎,-,⚫︎,-,⚫︎,-
75026ea7-2fb4-4b95-b2ed-727c58fa3bac,TEIKI-53A66686,RECEIVING,特別清掃,特別清掃,8000.0,1,ヴェルドール西出町公園,43001100,ハウズ神戸,火水のみ,-,-,-,-,-,-,-,-,⚫︎,-,-,-
4170ebfa-0039-4949-85b7-d639c358d21e,TEIKI-438B9222,RECEIVING,定期清掃,定期清掃,80000.0,2,ユニライフ明石魚住,43001102,ハウズ神戸,,-,-,⚫︎,-,-,-,-,-,⚫︎,-,-,-
652875bd-7381-43e9-8d56-76135167a00d,TEIKI-90F24C88,RECEIVING,定期清掃,定期清掃,38000.0,4,芦屋サンプラザ,43001105,ハウズ神戸,"新料金：46，000（12月より）
3.6.9.12月",-,-,⚫︎,-,-,⚫︎,-,-,⚫︎,-,-,⚫︎
ba3d3eaf-b627-4c35-9eaa-1636cc48b695,TEIKI-26638ED5,RECEIVING,特別清掃,特別清掃,20000.0,1,芦屋サンプラザ,43001105,ハウズ神戸,,-,-,-,-,-,-,-,-,⚫︎,-,-,-
cd587a6d-e991-4993-825d-a852c79247d1,TEIKI-60A34FC7,RECEIVING,定期清掃,定期清掃,28500.0,2,ライオンズマンション須磨マリンビュー,43001146,ハウズ神戸,"月水木で予定組む6.12月
新料金：35，000（12月より）
管理人様月水木9：00～15：00まで　　火金7－12",-,-,⚫︎,-,-,-,-,-,⚫︎,-,-,-
5bc6e75e-e75a-4f0d-bc4f-2b68f1b5740c,TEIKI-C409DF45,RECEIVING,特別清掃,特別清掃,15600.0,1,ライオンズマンション須磨マリンビュー,43001146,ハウズ神戸,"月水木で予定組む
管理人様月水木9：00～15：00まで　　火金7－12",-,-,-,-,-,-,-,-,⚫︎,-,-,-
9dae6124-02f3-43ec-a0f5-6ee690bada38,TEIKI-198BD637,RECEIVING,定期清掃,定期清掃,48000.0,2,ワコーレ神戸岡場ステーションマークス,43001153,ハウズ神戸,ＷＭ（実施確認書の名前確認する）,-,-,-,⚫︎,-,-,-,-,-,⚫︎,-,-
54837cf1-615c-4d9f-9ecd-e2ca720f1df0,TEIKI-2661F8E1,RECEIVING,定期清掃,定期清掃,92710.0,3,プラザ梅田ビル,70000620,ハウズビル不,,⚫︎,-,-,-,⚫︎,-,-,-,⚫︎,-,-,-
7a9ee79d-3f42-479a-bf02-86c092be56b4,TEIKI-B20384AC,RECEIVING,エントランス清掃,エントランス清掃,14700.0,12,白百合グランドシャトー,70002388,ハウズビル不,,⚫︎,⚫︎,⚫︎,⚫︎,⚫︎,⚫︎,⚫︎,⚫︎,⚫︎,⚫︎,⚫︎,⚫︎
d31a7523-e0de-4d5a-8c95-7c9ec9248489,TEIKI-627EF3B8,RECEIVING,定期清掃,定期清掃,41000.0,2,サンタウン御屋敷（定期）,43001223,ハウズ神戸,"新料金：47，000（12月より）
年2回（6.12月）",-,-,⚫︎,-,-,-,-,-,⚫︎,-,-,-
81e23a70-241e-4ea9-87fa-4c135dc62afb,TEIKI-24AA4505,RECEIVING,特別清掃,特別清掃,12000.0,1,サンタウン御屋敷（特掃）,43001223,ハウズ神戸,ｈ30.12より10800－12000へ,-,-,-,-,-,-,-,-,⚫︎,-,-,-
4dd391f4-a613-4692-bf46-2ae77a7b0beb,TEIKI-CB1176AD,RECEIVING,定期清掃,定期清掃,31000.0,1,篠原サニーハイツ,43001253,ハウズ神戸,"新料金：39，000（12月より）
Ｈ30.12より30.000だがＧ－ＷＥＢ31000の為31000で請求",-,-,-,-,-,-,-,-,⚫︎,-,-,-
cb80a830-63a9-412d-861c-85e919920b59,TEIKI-7D1309B1,RECEIVING,定期清掃,定期清掃,33490.0,1,高砂ハイツ,43001332,ハウズ神戸,"新料金：　34，000
2027.8月より請求金額ＵＰ",-,-,-,-,⚫︎,-,-,-,-,-,-,-
d027e319-938b-4679-b6a6-8016da6d44dc,TEIKI-7CCCD9CB,RECEIVING,定期清掃,定期清掃,90000.0,2,青山年ケ森ハイツ住宅,43001135,ハウズ神戸,2021.6～,-,-,⚫︎,-,-,-,-,-,⚫︎,-,-,-
