取引先の社名,取引先の担当,自社担当,種別,物件名（本体）,住所
イオン,亀山,松崎,他,あっとほぉーむカフェ大阪本店,大阪市浪速区日本橋４－９－１３
ハウズビル不,樋口,久保,マンション,おおきに百万遍サニーアパートメント,京都市左京区田中大堰町
ケントク,,,他,くらら吹田,吹田市朝日が丘町２４－３
ケントク,,,他,くらら桃山台,豊中市東泉丘１－４－２０
ケントク,,,他,くらら甲子園,西宮市甲子園四番町８－２２
ケントク,,,他,くらら豊中,豊中市末広町１－９－１３
ハウズビル不,和田,松本,マンション,たかせビル,大阪市北区西天満３丁目１１−３
ハウズビル不,樋口,松本,マンション,みおつくし小路,大阪市生野区小路３丁目１６－９
ハウズビル不,樋口,松本,マンション,みおつくし東なんば,大阪市浪速区元町３丁目９－５
ハウズ大阪北,近藤,久保,マンション,アズ・ワンコティ,尼崎市田能３丁目１−３８
ハウズビル不,池田,松崎,マンション,アミティ近大通り,東大阪市小若江４－１１－２７
ハウズ大阪,西尾,,マンション,アーバンビュー谷町,大阪市中央区上本町西１丁目５－２４
ザイマサラ,杉本,サン,他,イツワ商事,東大阪市西堤楠町２丁目１－１
ハウズビル不,鷲尾,松本,マンション,ウイング旭ケ丘,豊中市旭丘４−４−９８
ハウズ大阪南,,,マンション,エステムコート和歌山ＣＩＴＹステーションフロント,和歌山市伝法橋南ノ丁１１－１
エスリード,松永,久保,マンション,エスリード千里桃山台,豊中市新千里南町３丁目８－１２
エスリード,松永,久保,マンション,エスリード西宮向陽園,西宮市甲陽園東山町９－４１
ハウズ大阪,津野,,マンション,エスリード野田駅前,大阪市福島区野田３丁目１３－１７
エスリード,松永,久保,マンション,エスリード香里園井元町,寝屋川市美井元町２０－１
日昌,,,マンション,エルシー糀台,神戸市西区糀台４丁目１６－１
ケントク,田中,,ビル施設,エルセラーン化粧品　南森町,大阪市北区南森町２丁目２－１５
ハウズビル不,東野,,マンション,エルヴェ東天満,大阪市北区東天満１丁目２−１
オリックス,,サン,ビル施設,オリックス淀屋橋ビル,大阪市中央区北浜３丁目５－２２
ハウズビル不,上林,松本,マンション,カネマスロイヤルコート,大阪市東住吉区矢田２丁目１５−６
ハウズビル不,上林,松本,マンション,カマロファッションプラザビル,大阪市中央区東心斎橋２丁目３−１４
ハウズ大阪,前田秋,,マンション,クリエイト２１アテンドル梅田,大阪市福島区福島６丁目１９－７
ハウズ大阪,藤本,松崎,マンション,クレアシティ布施,東大阪市足代北２丁目１－１３
ハウズビル不,山﨑,,マンション,グッドライフ南草津Ⅱ,草津市南笠東３丁目１９−３６
他,坂本,,マンション,グランアッシュ弁天町ベイシス,大阪市港区市岡元町１－４－４
ハウズ大阪,梶,,マンション,グランドシーズ大正,大阪市大正区三軒家東４丁目１－１６
ハウズ大阪,沢田,,マンション,グランドシーズ心斎橋,大阪市西区北堀江１丁目１４－２３
ハウズ大阪,豊田,,マンション,グランドシーズ心斎橋Ⅲ,大阪市中央区南船場４丁目１０－４
ハウズ大阪,藤本,,マンション,グランドシーズ心斎橋東,大阪市中央区島之内１丁目１５－１２
ハウズビル不,樋口,松本,マンション,グランドメゾン,大阪市西成区天下茶屋３６－１８－１６
日昌,,,マンション,グランドメゾン大手前,大阪市中央区内淡路町１丁目１－３
ハウズ大阪北,松永,久保,マンション,グリーンハイツ向陽団地,川西市向陽台１丁目
新海（ケントク）,石田,,他,ケントク本社ビル,大阪市北区豊崎４－１１－１７
鹿島建物,,久保,ビル施設,コウヅキキャピタルウエストビル,大阪市北区曾根崎２丁目６
イオン,定久,松崎,ビル施設,コカ・コーラボトラーズジャパン大阪中央ＳＣ,大阪市西区西本町２丁目２－１
イオン,牧内,サン,他,コカ・コーラボトラーズジャパン神戸ＳＣ,兵庫県　神戸市灘区　灘浜町１－２
ハウズビル不,鷲尾,松本,ビル施設,コスモ宿院ビル,堺市堺区大町西１丁１
ハウズ大阪,古川,,マンション,コムズシティ野江,大阪市城東区中央２－１４
ハウズビル不,大村,松本,マンション,コンフォリア・リヴ京橋,大阪市都島区東野田町４丁目２−２２
ハウズビル不,大村,松本,マンション,コンフォリア・リヴ南森町Ⅱ,大阪市北区松ケ枝町１−４０
ハウズビル不,大村,松本,マンション,コンフォリア江坂広芝町,吹田市広芝町１９−１３
日昌,,,マンション,サムティ姫島リベール,大阪市西淀川区姫里２丁目１６－１７
ハウズビル不,大村,,他,サンポール灘,神戸市灘区岸地通４丁目４
ハウズビル不,大村,松本,ビル施設,サンライズ肥後橋ビル,大阪市西区西区江戸堀１丁目７
ハウズビル不,神谷,松本,マンション,ザ・パーククロス阿波座,大阪市西区立売堀５丁目７号２４番地
ハウズ大阪南,深尾,,マンション,シティパーク北野田,堺市東区高松２２７－２
ハウズ大阪南,深尾,,マンション,シティーコーポ住之江１号棟（ＥＡＳＴ）,大阪市住之江区平林南２丁目１－１４
ハウズ大阪南,深尾,,マンション,シティーコーポ住之江２号棟（ＷＥＳＴ）,大阪市住之江区平林南２丁目１－１４
ハウズビル不,樋口,松本,マンション,シャネル新大阪,大阪市東淀川区東中島２丁目３－１８
ハウズビル不,上林,松本,マンション,シャルマンフジ大阪城南,大阪市中央区内久宝寺町３丁目３−７
日昌,,,マンション,ジアコスモ江戸堀パークフロント,大阪市西区江戸堀３丁目８－４
イオン,小川,松崎,他,ジブラルタ生命保険株式会社　奈良支社・天理営業所,奈良県天理市川原城町７９６
イオン,牧内,サン,ビル施設,スタイルプラザ,神戸市中央区三宮町１丁目７－５
ハウズビル不,大村,松本,マンション,スプリント吹田内本町,吹田市内本町１－１－２６
オリックス,加藤,サン,マンション,セゾンドミール,兵庫県神戸市灘区記田町３丁目２－２８
ハウズ大阪,穂積,松崎,マンション,セレナハイム新大宮セントラルステージ,奈良市法華寺町２１４－１
ハウズ大阪南,,松崎,マンション,セントラルステージ光明池,和泉市伏屋町５丁目２－１７
ハウズ大阪,塩田,松崎,マンション,ソレイユ小阪,東大阪市小阪本町１丁目１－１１
ハウズビル不,神谷,松本,マンション,ソワ宝塚,宝塚市南口１丁目１７−１８
ケントク,田中,,他,タイムズ大阪北支店,大阪市淀川区西宮原１－６－４１
ケントク,田中,,他,タイムズ神戸支店西宮営業所,西宮市深津町６－３９
ハウズビル不,東野,,他,ダイアパレスビル本町,大阪市中央区内本町２丁目４−１２
ハウズ大阪,津野,,ビル施設,ダイアパレス南森町,大阪市北区東天満２丁目２－３
ハウズビル不,鷲尾,,マンション,テラスレジデンス四ツ橋,大阪市西区新町１丁目６−１８
ハウズビル不,池田,松本,マンション,テラスレジデンス夙川駅前,西宮市神楽町１１−７
ハウズビル不,池田,松本,マンション,テラスレジデンス新大阪,大阪市淀川区西中島４丁目４−２０
イオン,三浦,サン,ビル施設,デュクラス大阪,大阪市淀川区野中北１丁目５－３４
ハウズビル不,片岡,松本,マンション,ドエル大正,大阪市大正区小林東３丁目１５－１３
新生舎ダイイチ,大野,,マンション,ドミール有住・光明池,和泉市伏屋町３丁目５−２９
ハウズビル不,東野,松本,マンション,ドリームコート豊中,豊中市稲津町２丁目５−１
ハウズ大阪,豊田,,マンション,ニューハイツ幸町,大阪市浪速区幸町３丁目１－３
ハウズ大阪,高島,,マンション,ニューライフ谷町,大阪市中央区谷町５丁目３－２１
ハウズ大阪,津野,,マンション,ネべル大阪上本町,大阪市天王寺区上汐３丁目２－２５
ハウズビル不,鷲尾,松本,ビル施設,ネオフィス堺筋本町,大阪市中央区北久宝寺町１丁目９−６
ハウズ大阪南,松浦,,他,ノバティながの南館,河内長野市長野町５－１
ハウズビル不,上林,,他,ノバティながの（北館）,河内長野市本町２４−１
ハウズビル不,上林,,マンション,ノバプロスペリテ,大阪市中央区東平２丁目５−４
ハウズ大阪南,阪田,,マンション,ハイコート晴明丘,大阪市阿倍野区橋本町７－２５
ハウズビル不,和田,,マンション,ハピネスエスト,大阪市北区国分寺２丁目３−２１
ハウズビル不,神谷,松本,マンション,バルカン富田林,富田林市川面町２丁目３－１２
ハウズ京都,藤井,久保,マンション,パテシオン山科夢ケ丘,京都市山科区上花山桜谷１－２
ハウズビル不,神谷,,マンション,パークテラス北花田,堺市北区北花田町２丁１８９
ランドレック,江口,サン,マンション,ヒストワール西九条,大阪市此花区西九条１丁目２０－１３
ハウズビル不,上林,,マンション,ピアチェーレ文の里,大阪市阿倍野区阪南町１丁目１２－１８
ハウズビル不,樋口,松本,マンション,ピアレゾン新今里,大阪市生野区新今里７丁目８－１９
ハウズビル不,和田,松本,他,ピースフィールドビル,大阪市中央区難波千日前１４‐１８
ハウズ大阪南,,,マンション,フォルテ北館ビル,和歌山市南大工町７－１
ハウズビル不,大村,松崎,マンション,フレアコートＫＭ福島,大阪市福島区福島７丁目２２－１６
ハウズビル不,光明,松本,ビル施設,プラザ梅田ビル,大阪市北区太融寺町８－１７
ハウズビル不,鷲尾,松本,ビル施設,プロジェクトビル,大阪市淀川区西中島３丁目１－４
ザイマ関西,各事業所,久保,ビル施設,プロロジスパーク京田辺,京田辺市松井口仲谷
ザイマ関西,各事業所,久保,ビル施設,プロロジスパーク大阪２,大阪市此花区北港白津１丁目５－７３
ザイマ関西,各事業所,久保,ビル施設,プロロジスパーク大阪４,大阪市西淀川区中島２－１－２７
ザイマ関西,各事業所,久保,ビル施設,プロロジスパーク大阪５,大阪市住之江区南港東８丁目４－４７
ザイマ関西,各事業所,久保,ビル施設,プロロジスパーク尼崎１,尼崎市東海岸町１３－１
ザイマ関西,各事業所,久保,ビル施設,プロロジスパーク尼崎２,尼崎市東海岸岸１３－２
ザイマ関西,各事業所,久保,ビル施設,プロロジスパーク猪名川１,兵庫県川辺郡猪名川町差組字小谷１０１－１
ザイマ関西,各事業所,久保,ビル施設,プロロジスパーク猪名川２,兵庫県川辺郡猪名川町差組字小谷１０１－２
ハウズ大阪,事業所,,マンション,ベル・パークシティ,大阪市都島区友渕町１丁目５
ハウズビル不,鷲尾,松本,ビル施設,マキセビル,大阪市西区土佐堀１丁目１－２１
ハウズ大阪南,石井,,マンション,マスターズ・エル二色の浜,貝塚市澤１６－１
ハウズビル不,片岡,松本,マンション,マッセ新大阪ハイツ旧館・新館,大阪市淀川区西中島４丁目１０－１０
ハウズビル不,鷲尾,,マンション,メゾン・ド・フェニックス,堺市堺区宿院町東３丁１－３
ハウズビル不,望月,,マンション,モンテ・エスパーニャ,大阪市北区天神橋１丁目５－１６
ハウズビル不,東野,,ビル施設,ユアサ大阪ビル,大阪市中央区南船場２丁目４－１２
ハウズ大阪北,,久保,マンション,ユニハイム千里丘吹田清水,吹田市清水１１−１
イオン,センター,サン,他,ユニバーサルスタジオジャパン　ゴミ分別,大阪市此花区桜島２丁目１−３３
イオン,センター,サン,他,ユニバーサルスタジオジャパン　夜間日常,大阪市此花区桜島２丁目１−３３
ハウズビル不,大村,松本,ビル施設,ヨシカワビル,大阪市中央区久太郎町１丁目６番２７号
ハウズビル不,大村,松本,マンション,ライフフィールド三国本町,大阪市淀川区三国本町２丁目１４
ハウズビル不,大村,松本,マンション,ライフフィールド弁天サラスベイ,大阪市港区弁天４－１６－２
ハウズ大阪,河本,松本,マンション,ライラ大和田,門真市野里町１０－４
ハウズ大阪,梶岡,,マンション,ラナップスクエア難波,大阪市浪速区元町１丁目７－３
ハウズ大阪,西尾,,マンション,リバーガーデン森の城,大阪市城東区東中浜８丁目８－２３
ハウズ大阪,田中,,マンション,リバーサイドともぶち第１住宅,大阪市都島区友渕町１丁目３
ランドレック,江口,サン,マンション,リバーヒル大桐,大阪市東淀川区大桐１丁目３－１６
ハウズビル不,岨,,マンション,ルクレ阿波座レジデンス,大阪市西区立売堀６丁目７－５０
ハウズビル不,大村,,マンション,ルピナス南堀江,大阪市西区南堀江２丁目１２－３３
ランドレック,江口,サン,マンション,ル・グランシエル昭和町,大阪市阿倍野区昭和町２丁目５－１１
ランドレック,江口,サン,マンション,レアル寺田町,大阪市生野区林寺１丁目５－２０
ハウズ大阪北,渡邊,久保,マンション,レーベン千里青山台　ＧＲＡＮ　ＨＩＧＨ,吹田市青山台２丁目４−Ｄ１
ハウズ大阪北,渡邊,久保,マンション,レーベン川西　ＴＩＥＡＫ　ＲＥＳＩＤＥＮＣＥ,川西市火打１丁目１２番８
ハウズ大阪南,藤岡,,マンション,レーベン浜寺公園,堺市西区浜寺公園町１丁１５
ハウズ大阪北,渡邊,久保,マンション,レーベン豊中永楽荘ヒルズ,豊中市永楽荘４丁目１２番１１
ハウズビル不,大村,,マンション,ロイヤルオータム,吹田市南正雀４丁目７－５
ハウズビル不,和田,松崎,ビル施設,ロイヤルハイツ野田,大阪市福島区吉野３丁目２２－１４
ハウズ大阪,福田,,マンション,ロイヤルメドウ東心斎橋,大阪市中央区島之内２丁目４－１
ザイマ関西,各事業所,久保,ビル施設,ロジベース茨木彩都,茨木市彩都はなだ二丁目３
ザイマ関西,各事業所,久保,ビル施設,ロジポート大阪ベイ,大阪市住之江区南港中１丁目４－１３０
ザイマ関西,各事業所,久保,ビル施設,ロジポート大阪大正,大阪市大正区船町１－２－２１
ハウズビル不,望月,,マンション,ローズコーポ堺筋本町,大阪市中央区安土町１丁目５
ハウズビル不,望月,,マンション,ローズコーポ天満東Ⅱ,大阪市北区同心２丁目１２－１
ハウズビル不,望月,,マンション,ローズコーポ新大阪７,大阪市淀川区宮原１丁目１６－４４
ハウズビル不,望月,,マンション,ローズコーポ新大阪９,大阪市東淀川区東中島１丁目１－２１
ハウズビル不,東野,,マンション,ローズコーポ本町,大阪市中央区博労町２－２－７
ハウズビル不,望月,,マンション,ローズコーポ西中島,大阪市淀川区西中島２丁目１２－３３
ハウズビル不,東野,,マンション,ローズコーポ阪神尼崎,尼崎市西本町８丁目３６５
ハウズ神戸,,,マンション,ワコーレ西宮ＡＸＥ,西宮市津門大塚町７－２６
日昌,,,マンション,ワコーレ阿倍野播磨町ラフィリス,大阪市阿倍野区播磨町１丁目１９－１６
ハウズ大阪北,松永,久保,マンション,三ツ池台マンション,豊中市東豊中町４丁目１−４５
ランドレック,江口,サン,マンション,三ノ瀬パークハイツ,東大阪市三ノ瀬１丁目９－５
ザイマ関西,各事業所,久保,ビル施設,六甲アイランドＤＣ,神戸市東灘区向洋町６－２－１２
ハウズ大阪北,高木,久保,マンション,千里月見ヶ丘ハイツ,吹田市千里丘西８−Ｄ
ハウズビル不,大村,,ビル施設,南塚口ビル,尼崎市南塚口町１丁目２６－２８
ハウズ大阪南,大橋,,マンション,南海グリーンコート泉北深井,堺市中区堀上町１４７－１
イオン,亀山,サン,ビル施設,南港中央野球場,大阪市住之江区南港東８丁目５番１３２号
ハウズ大阪南,,,マンション,和泉鶴山台アーバンコンフォート,和泉市上代町７７６－１－１０３２
ケントク,池畑,,他,商工中金船場,大阪市中央区南船場１－１８－１７
ハウズビル不,鷲尾,松本,ビル施設,城南学園、大阪総合保育大学,大阪市東住吉区照ケ丘矢田２丁目１４−１０
オリックス,,サン,ビル施設,城東区在宅サービスセンター,大阪市城東区中央２丁目１１番１６号
ハウズビル不,東野,松崎,マンション,夙川ニューコーポ・芦屋ニューコーポⅠ番館・芦屋ニューコーポⅡ番館・朝日ヶ丘荘苑,西宮市松下町８－１７
オービーケー,山本,松本,ビル施設,大原学園,大阪市北区太融寺町２－１４
イオン,忠野,サン,ビル施設,大和証券堺支店北野田営業所,堺市東区北野田１－１
イオン,仙石,サン,ビル施設,大和証券香里園営業所,寝屋川市香里南之町３０－１４
ハウズビル不,樋口,,マンション,大手前ハイツ,大阪市中央区大手前１丁目５
ザイマサラ,永井,サン,ビル施設,大阪ソーダ研究センター,尼崎市大高洲町９
ザイマ関西,菅原,久保,ビル施設,大阪医療技術学園専門学校,大阪市北区東天満２－１－３０
イオン,宮本,サン,他,大阪南港コンテナシャーシプール事務センター,住之江区南港東７丁目１番８８号
総合管理,,サン,ビル施設,大阪市立クラフトパーク,大阪市平野区長吉六反１－８－４４
ハウズビル不,中西,松崎,他,天正八戸ノ里ビル,東大阪市下小阪２丁目１４－１６
新生舎ダイイチ,梅林,,他,奥野電機株式会社,吹田市南吹田５－２６－３１
ハウズ大阪,穂積,松崎,マンション,小阪パークハイツ,東大阪市菱屋西６丁目３
ハウズビル不,大村,松本,マンション,山内ビル,大阪市中央区平野町４丁目５－１０
イオン,仙石,松崎,ビル施設,岡本ＯＲビル,大阪市中央区博労町４－５－１４
ハウズ大阪,川元,松本,マンション,扇町コーポ,大阪市北区与力町６－６
ハウズビル不,神谷,松崎,他,新なにわ筋中川ビル,大阪市西区新町４丁目１−４
ハウズビル不,神谷,松崎,他,新天王寺田中ビル,大阪市天王寺区大道３丁目８−３１
ハウズ大阪,古川,松本,マンション,新森小路コーポ,大阪市旭区新森１丁目７－３３
ケントク,山形,,他,日土地京都ビル,京都市中京区秋野々町５３５
ケントク,池畑,,他,日土地堺筋ビル,大阪市中央区淡路町１丁目７－３
ケントク,,,他,日本酸素Ｇ＆Ｗ株式会社（旧：大陽日酸）,大阪市大正区南恩加島１－９－８４
ケントク,山形,,他,日立製作所,大阪市中央区淡路町１丁目７－３
ハウズビル不,光明,,他,日興電気工業㈱ビル,大阪市北区天神西町３−１８
ケントク,田中,,他,昌栄印刷株式会社,大阪市生野区桃谷１丁目３－２３
ケントク,池畑,,他,明治安田生命肥後橋ビル,大阪市西区江戸堀１丁目１２－８
ハウズビル不,樋口,松本,マンション,春日丘マンション,藤井寺市春日丘１丁目８−１２
ハウズビル不,樋口,松本,ビル施設,昭栄ビル　北館,大阪市北区西天満４丁目２
ハウズビル不,堂前,松本,マンション,暫ビル,大阪市中央区東心斎橋２丁目７−１８
ハウズビル不,堂前,松崎,他,東大阪アリーナ,東大阪市中小阪４丁目７－６０
ハウズビル不,大村,松崎,ビル施設,東大阪大治ビル,東大阪市足代２丁目５－１９
ハウズビル不,大村,,他,株式会社リーガルコーポレーション大阪支店,大阪市中央区徳井町２－３－２
ハウズ大阪,福田,松本,マンション,桜宮コンソルト,大阪市都島区網島町１４－８
ハウズビル不,堂前,松本,ビル施設,梅ヶ枝中央ビル,大阪市北区西天満４丁目４−１８
イオン,中西,松崎,ビル施設,梅田イーストビル,大阪市北区太融寺町５－１５
イオン,仙石,サン,ビル施設,森永乳業㈱関西支店,大阪市平野区平野馬場２－２－３４
ハウズビル不,片岡,松本,ビル施設,江戸堀ＫＮビル,大阪市西区江戸堀１丁目２５−２９
ハウズビル不,樋口,松本,ビル施設,池田ビル３号館,大阪市中央区久太郎町２丁目５−１０
ハウズビル不,鷲尾,,他,法村友井バレエ団＆バレエ学校,大阪市天王寺区大道２丁目５−９
ハウズ大阪南,,,マンション,洋伸帝塚山マンション,大阪市住吉区万代２丁目８－２
ハウズビル不,大村,松本,マンション,津雲台宿舎,吹田市津雲台５－１０
ケントク,池畑,,他,淀川六番館,大阪市北区豊崎３丁目１－２２
ハウズビル不,片岡,松本,ビル施設,淡路町ビル,大阪市中央区淡路町２－５－１６
イオン,亀山,サン,ビル施設,生野屋内プール,大阪市生野区桃谷３丁目８－１８
イオン,前田,松崎,他,登大路ホテル,奈良市登大路町４０－１
ハウズビル不,鷲尾,,ビル施設,第三多田ビル,大阪市東成区深江北１丁目２－５
鹿島建物,,久保,ビル施設,肥後橋ニッタイビル,大阪市西区江戸堀１丁目１０−２
ハウズビル不,東野,松崎,マンション,西宮ニューコーポ・安田ビルⅠ号館・安田ビルⅡ号館,西宮市津門大箇町９－３
ハウズビル不,大村,松本,マンション,西緑丘宿舎,豊中市西緑丘１－５－１
日昌,,,マンション,都住創内淡路町,大阪市中央区内淡路町２丁目１－７
ハウズビル不,神谷,松崎,マンション,長瀬レーベンハイム,東大阪市長瀬町１丁目１１−２８
イオン,前川,サン,ビル施設,阪和学園,河内長野市南花台４丁目２４－１
サンコービルサービス,金子,,ビル施設,飛栄創建ビル,大阪市中央区北久宝寺町２丁目５−９
ハウズ神戸,坂本,,マンション,高砂ハイツ,高砂市高砂町栄町３７３
ハウズ神戸,,,マンション,魚崎コーポ,神戸市東灘区魚崎南町１丁目２－２
ハウズビル不,光明,松本,ビル施設,ＡＤビル梅田,大阪市北区曾根崎２丁目１５
ザイマ関西,各事業所,久保,ビル施設,Ａｍａｚｏｎ京田辺,京田辺市松井口仲谷
ハウズビル不,大村,松本,マンション,ＢＰＲレジデンス江坂,吹田市豊津町１−８
ハウズビル不,片岡,松本,マンション,ＢＲＡＶＩ南船場,大阪市中央区南船場１丁目１６
ハウズビル不,大村,松本,マンション,ＢＲＡＶＩ新大阪,大阪市淀川区宮原２丁目１
日昌,,,ビル施設,Ｂｒｉｑ　ＳＨＩＮＳＯ　ＢＬＤＧ,大阪市中央区南久宝寺町　１－３－１
ランドレック,江口,サン,マンション,ＣＩＴＹＰＡＬＴＡＪＩＭＡＥＡＳＴ,大阪市生野区田島２丁目５－５
ザイマ関西,各事業所,久保,ビル施設,ＣＰＤ西淀川,大阪市西淀川区佃５丁目１
ザイマ関西,中川,久保,他,Ｄｕｃｅ　ｍｉｘ　野田,大阪市福島区吉野二丁目１３番１０号
ザイマサラ,細野,松崎,ビル施設,ＥＱＵＩＮＩＡ１０６,大阪市北区天神橋６丁目７－１２
ザイマ関西,各事業所,久保,ビル施設,ＥＳＲ尼崎,尼崎市末広町一丁目５番１号
ザイマサラ,杉本,サン,ビル施設,Ｉｐｓｅｎ株式会社本社工場,大阪市鶴見区安田２－３－２
日昌,,,マンション,ＪＰレジデンス大阪ＷＥＳＴⅢ,大阪市西淀川区野里１丁目１１－２８
ハウズビル不,東野,,ビル施設,ＪＲＷＤ堂島タワー,大阪市北区堂島２丁目４−２７
ザイマ関西,各事業所,久保,ビル施設,ＬＦ堺,堺市堺区築港八幡町１－１７５
ハウズビル不,大村,松本,マンション,ＭＥＬＤＩＡ　ＣＲＥＳＴ桜ノ宮Ｋｉｒｓｃｈ,大阪市都島区中野町４丁目１−１８
ハウズビル不,上林,,マンション,ＭＦＰＲコート日本橋イースト,大阪市中央区高津１丁目８－５
新生舎ダイイチ,大野,,マンション,ＯＳＧハイツ,大阪市北区長柄西１－２－２５
ハウズビル不,和田,,マンション,ＲＥＮ元町駅前,神戸市中央区北長狭通４丁目３−２
ザイマ関西,各事業所,久保,ビル施設,ＳＧリアルティ舞洲,大阪市此花区北港白津２丁目５－３３
ザイマサラ,三好,サン,ビル施設,ＳＷＩＮＧうめだ,大阪市北区曾根崎２丁目１５－２０
ハウズビル不,片岡,松本,マンション,ＴＡＴＳＵＭＩ緑地公園,吹田市春日１丁目１−１
イオン,センター,サン,ビル施設,ＵＤゆめ咲ビル,大阪市此花区島屋６－２－２５
